T_MeV,stable_sigma_GeV3,stable_free_energy,candidate_count,sigma_branch1_GeV3,free_energy_branch1,sigma_branch2_GeV3,free_energy_branch2,sigma_branch3_GeV3,free_energy_branch3,sigma_branch4_GeV3,free_energy_branch4,sigma_branch5_GeV3,free_energy_branch5,sigma_branch6_GeV3,free_energy_branch6,sigma_branch7_GeV3,free_energy_branch7,sigma_branch8_GeV3,free_energy_branch8,sigma_branch9_GeV3,free_energy_branch9
20.0,0.09712704122934443,-0.11327178014825759,3.0,-0.0179027529052578,-0.0051753349541153945,-0.017902752905257717,-0.005175334954115281,-0.017902752905257897,-0.005175334954115443,-9.978075778038994e-23,-9.116880498181131e-57,0.0,0.0,1.928916222532058e-24,-3.943568805698867e-64,-0.017902752905257852,-0.005175334954115438,0.09712704122934412,-0.11327178014825708,0.09712704122934443,-0.11327178014825759
21.0,0.09712629958591353,-0.11327255166068673,3.0,-0.01790253052332645,-0.00517551765869591,-0.017902530523449728,-0.005175517658789191,-0.01790253052332657,-0.005175517658695986,-1.1324120226918374e-30,8.737727052940287e-83,0.0,0.0,-4.404150946070132e-34,2.531574468146509e-91,-0.017902530523326517,-0.005175517658696008,0.09712629958591353,-0.11327255166068673,0.09712629958591326,-0.11327255166068663
22.0,0.09712544398712772,-0.11327344167327437,3.0,-0.01790227391074458,-0.0051757284598019085,-0.017902273910744605,-0.00517572845980194,-0.017902273910744563,-0.0051757284598020065,1.227599988968317e-44,2.7783679130175743e-109,0.0,0.0,2.6782330211451395e-48,-6.454759762183122e-116,-0.017902273910744566,-0.005175728459801966,0.09712544398712783,-0.11327344167327433,0.09712544398712772,-0.11327344167327437
23.0,0.09712446329358161,-0.11327446175330216,3.0,-0.017901979698662345,-0.005175970112412178,-0.017901979698662366,-0.005175970112412231,-0.017901979698662175,-0.005175970112412093,-2.9900868289300453e-58,-1.7560348785525404e-134,0.0,0.0,-9.836901898699104e-62,-1.1533306860264286e-141,-0.017901979698662335,-0.0051759701124122525,0.09712446329358142,-0.11327446175330128,0.09712446329358161,-0.11327446175330216
24.0,0.09712334583804508,-0.11327562401123947,3.0,-0.017901644352138955,-0.005176245504894789,-0.017901644352138976,-0.0051762455048947964,-0.01790164435213914,-0.005176245504895024,1.4860206118620534e-71,-3.0022467213174034e-160,0.0,0.0,7.038615594329687e-75,-3.255814733725321e-167,-0.017901644352139038,-0.005176245504894957,0.09712334583804508,-0.11327562401123947,0.09712334583804492,-0.11327562401123696
25.0,0.0971220794231321,-0.11327694110199055,3.0,-0.017901264167348732,-0.005176557659892019,-0.01790126416734882,-0.0051765576598919935,-0.01790126416734875,-0.005176557659891986,3.827814152293556e-85,2.41926924908e-186,0.0,0.0,1.718666555447897e-89,-2.174229063081954e-192,-0.01790126416734877,-0.005176557659891993,0.09712207942313161,-0.11327694110199042,0.0971220794231321,-0.11327694110199055
26.0,0.09712065131861781,-0.11327842622633096,3.0,-0.017900835268990774,-0.005176909735804093,-0.017900835268990826,-0.005176909735804143,-0.01790083526899078,-0.005176909735804106,5.415549548688631e-99,9.934142411352158e-213,0.0,0.0,8.589719021825181e-102,1.9306517487242403e-218,-0.01790083526899067,-0.005176909735804027,0.09712065131861781,-0.11327842622633096,0.09712065131861748,-0.11327842622633003
27.0,0.0971190482583963,-0.11328009313251097,3.0,-0.017900353607174083,-0.005177305028371982,-0.01790035360719099,-0.005177305028384869,-0.01790035360717433,-0.005177305028372095,-1.1864491288957465e-112,-5.97211933003557e-239,0.0,0.0,-2.4047281135490148e-116,-6.976453821814455e-245,-0.017900353607190847,-0.005177305028384795,0.0971190482583963,-0.11328009313251097,0.09711904825839651,-0.11328009313251096
28.0,0.09711725643701824,-0.11328195611811835,3.0,-0.017899814953967783,-0.005177746972552854,-0.01789981495396757,-0.005177746972552584,-0.017899814953967537,-0.005177746972552639,-2.3061609280104934e-126,-1.5383458150512647e-266,0.0,0.0,3.837249440762653e-129,-6.593705603219292e-271,-0.01789981495396768,-0.005177746972552733,0.09711725643701824,-0.11328195611811835,0.09711725643701902,-0.11328195611811709
29.0,0.0971152615067013,-0.11328403003367152,3.0,-0.017899214899220726,-0.005178239144452133,-0.017899214899220806,-0.005178239144452218,-0.017899214899220584,-0.005178239144452039,-3.657880670930181e-139,7.441386127249785e-291,0.0,0.0,-4.6443408571313344e-142,8.008836823290356e-297,-0.01789921489922068,-0.005178239144452003,0.0971152615057828,-0.11328403003214327,0.0971152615067013,-0.11328403003367152
30.0,0.09711304856902937,-0.11328633027851401,3.0,-0.01789854884617818,-0.005178785263778367,-0.01789854884618538,-0.005178785263783794,-0.017898548846185445,-0.005178785263783909,-1.0969981670093693e-151,-4.548348e-317,0.0,0.0,-1.0107003316105964e-154,5.0e-323,-0.01789854884618542,-0.0051787852637838775,0.09711304856902937,-0.11328633027851401,0.09711304856832655,-0.11328633027734686
31.0,0.09711060217622196,-0.11328887281377695,3.0,-0.017897812006295827,-0.005179389196438547,-0.017897812006295987,-0.0051793891964386505,-0.01789781200629589,-0.005179389196438575,1.71565335144648e-165,0.0,0.0,0.0,6.736316114933626e-169,0.0,-0.017897812006295765,-0.005179389196438423,0.09711060217622196,-0.11328887281377695,0.09711060217622187,-0.11328887281377618
32.0,0.09710790632071696,-0.11329167415724084,3.0,-0.017896999393389304,-0.0051800549574652684,-0.01789699939338921,-0.005180054957465153,-0.017896999393389217,-0.0051800549574652684,5.833447812612526e-179,0.0,0.0,0.0,5.64272897306362e-182,0.0,-0.017896999393389193,-0.00518005495746512,0.09710790632071638,-0.11329167415723926,0.09710790632071696,-0.11329167415724084
33.0,0.0971049444322743,-0.1132947513921335,3.0,-0.017896105817172738,-0.005180786714409088,-0.01789610581717601,-0.005180786714411704,-0.017896105817176218,-0.005180786714411721,4.093346895883442e-192,0.0,0.0,0.0,8.491338441501631e-195,0.0,-0.01789610581717601,-0.005180786714411664,0.0971049444322743,-0.1132947513921335,0.09710494443194546,-0.11329475139158579
34.0,0.0971016993668515,-0.11329812216382437,3.0,-0.017895125875889584,-0.005181588791080606,-0.01789512587588991,-0.005181588791080886,-0.017895125875889734,-0.0051815887910807825,-1.8697583899314088e-205,0.0,0.0,0.0,-3.892539628035929e-208,0.0,-0.017895125875889872,-0.0051815887910809065,0.0971016993668515,-0.11329812216382437,0.09710169936685102,-0.11329812216382346
35.0,0.09709815340287518,-0.11330180469049597,3.0,-0.017894053948017012,-0.005182465671747169,-0.017894053948017075,-0.00518246567174726,-0.01789405394801731,-0.0051824656717473355,1.5480805459816288e-218,0.0,0.0,0.0,3.010618014583372e-221,0.0,-0.017894053948017238,-0.005182465671747369,0.09709815340287518,-0.11330180469049597,0.09709815340287571,-0.11330180469049461
36.0,0.09709428823157415,-0.1133058177657282,3.0,-0.017892884182992487,-0.005183422005883602,-0.017892884182992383,-0.005183422005883494,-0.01789288418299276,-0.005183422005883899,2.8563143166921878e-232,0.0,0.0,0.0,2.16727986034985e-235,0.0,-0.017892884182992418,-0.0051834220058835576,0.09709428823157415,-0.1133058177657282,0.09709428823157457,-0.1133058177657266
37.0,0.09709008494577571,-0.11331018076028548,3.0,-0.01789161049071892,-0.005184462613445605,-0.017891610490718916,-0.005184462613445559,-0.017891610490718683,-0.0051844626134453405,-5.884194742979645e-245,0.0,0.0,0.0,-5.158032879956522e-248,0.0,-0.017891610490718756,-0.005184462613445364,0.09709008494577537,-0.113310180760285,0.09709008494577571,-0.11331018076028548
38.0,0.09708552403130855,-0.11331491362959797,3.0,-0.017890226529744084,-0.005185592490733931,-0.01789022652974412,-0.005185592490734017,-0.01789022652974403,-0.005185592490734046,3.4750005410074274e-258,0.0,0.0,0.0,1.853109926845165e-261,0.0,-0.0178902265297443,-0.0051855924907341895,0.09708552403130855,-0.11331491362959797,0.09708552403130812,-0.11331491362959778
39.0,0.09708058535413196,-0.11332003691422365,3.0,-0.01788872569388309,-0.0051868168168070095,-0.01788872569388328,-0.005186816816807001,-0.017888725693883147,-0.005186816816806981,2.3033467636976503e-271,0.0,0.0,0.0,1.0965640110376995e-274,0.0,-0.01788872569388338,-0.005186816816807269,0.09708058535413196,-0.11332003691422365,0.09708058535413155,-0.11332003691422324
40.0,0.0970752481473127,-0.11332557173685143,3.0,-0.01788710109698542,-0.005188140960232937,-0.017887101096985714,-0.005188140960233125,-0.017887101096985603,-0.00518814096023302,-3.972996658186985e-285,0.0,0.0,0.0,1.8680901532273872e-289,0.0,-0.017887101096985287,-0.005188140960232831,0.0970752481473127,-0.11332557173685143,0.097075248147313,-0.1133255717368512
41.0,0.09706949099620854,-0.11333153978504902,3.0,-0.017885345555427746,-0.005189570485616122,-0.017885345555427867,-0.005189570485616231,-0.017885345555428003,-0.005189570485616291,-6.9538212511047235e-298,0.0,0.0,0.0,-2.011632728204455e-301,0.0,-0.017885345555428037,-0.005189570485616326,0.09706949099620854,-0.11333153978504902,0.09706949099620794,-0.11333153978504826
42.0,0.09706329182217031,-0.11333796326233277,3.0,-0.01788345156765788,-0.005191111158489746,-0.017883451567658085,-0.005191111158489817,-0.017883451567657912,-0.005191111158489968,-6.6048652302e-313,0.0,0.0,0.0,1.04813535e-315,0.0,-0.017883451567657815,-0.005191111158489654,0.09706329182216988,-0.11333796326233095,0.09706329182217031,-0.11333796326233277
42.99999999999999,0.0970566278632207,-0.11334486476655316,3.0,-0.017881411289673434,-0.005192768945476899,-0.017881411289673438,-0.005192768945476924,-0.017881411289673334,-0.0051927689454766435,1.083602605e-315,0.0,0.0,0.0,-2.4468742e-316,0.0,-0.017881411289673188,-0.0051927689454766566,0.09705662786322157,-0.11334486476655264,0.0970566278632207,-0.11334486476655316
44.0,0.09704947565322203,-0.11335226702058003,3.0,-0.01787921650452141,-0.00519455000332217,-0.017879216504521202,-0.005194550003322137,-0.01787921650452141,-0.00519455000332218,2.90676882e-316,0.0,0.0,0.0,6.2990512e-316,0.0,-0.017879216504521206,-0.005194550003322114,0.09704947565322214,-0.11335226702057954,0.09704947565322203,-0.11335226702058003
45.0,0.0970418109967281,-0.11336019230163087,3.0,-0.017876858582522668,-0.005196460644374269,-0.017876858582522522,-0.005196460644373931,-0.017876858582522904,-0.00519646064437426,-7.282932e-316,0.0,0.0,0.0,-1.629809973e-315,0.0,-0.01787685858252274,-0.0051964606443740775,0.09704181099672768,-0.11336019230162667,0.0970418109967281,-0.11336019230163087
46.0,0.0970336089397917,-0.11336866129921076,3.0,-0.017874328426673053,-0.005198507255796007,-0.01787432842667334,-0.005198507255796286,-0.017874328426672925,-0.005198507255795977,-1.66599867e-315,0.0,0.0,0.0,6.73347696e-316,0.0,-0.017874328426673015,-0.005198507255795993,0.0970336089397917,-0.11336866129921076,0.09703360893979207,-0.11336866129921025
47.0,0.09702484373405776,-0.11337769093360878,3.0,-0.0178716163941912,-0.005200696133370845,-0.017871616394191395,-0.0052006961333711,-0.017871616394191003,-0.0052006961333706464,5.0188433e-316,0.0,0.0,0.0,-1.73263617e-315,0.0,-0.01787161639419081,-0.0052006961333705285,0.09702484373405776,-0.11337769093360878,0.09702484373405688,-0.11337769093360357
48.0,0.09701548879290285,-0.11338729038628549,3.0,-0.01786871218027901,-0.005203033166659832,-0.017868712180278846,-0.00520303316665957,-0.017868712180278863,-0.005203033166659576,-1.288138293e-315,0.0,0.0,0.0,4.1977063e-316,0.0,-0.017868712180278922,-0.0052030331666597296,0.09701548879290285,-0.11338729038628549,0.09701548879290246,-0.11338729038628545
49.0,0.09700551663496357,-0.11339745421109136,3.0,-0.017865604643841633,-0.005205523280067495,-0.017865604643841536,-0.005205523280067421,-0.017865604643841695,-0.005205523280067482,-9.7483103e-316,0.0,0.0,0.0,-1.07320782e-315,0.0,-0.017865604643841574,-0.005205523280067379,0.09700551663496357,-0.11339745421109136,0.09700551663496436,-0.1133974542110906
50.0,0.09699489881218637,-0.11340815095320661,3.0,-0.017862281547820682,-0.0052081694961855956,-0.01786228154782046,-0.005208169496185419,-0.017862281547820484,-0.005208169496185146,-2.053338603e-315,0.0,0.0,0.0,-1.803363584e-315,0.0,-0.017862281547820755,-0.005208169496185528,0.09699489881218604,-0.11340815095320574,0.09699489881218637,-0.11340815095320661
50.99999999999999,0.09698360581663867,-0.1134193052572497,3.0,-0.017858729180354988,-0.005210971449726109,-0.017858729180354617,-0.005210971449725741,-0.017858729180354964,-0.005210971449726169,4.43732614e-316,0.0,0.0,0.0,-1.9622446e-316,0.0,-0.017858729180355023,-0.005210971449725933,0.09698360581663867,-0.1134193052572497,0.09698360581663737,-0.11341930525724597
52.0,0.09697160696166188,-0.11343077113907535,3.0,-0.017854931819517597,-0.00521392315324045,-0.017854931819517795,-0.0052139231532407114,-0.017854931819517618,-0.0052139231532405345,-1.11881038e-315,0.0,0.0,0.0,4.8465436e-316,0.0,-0.01785493181951752,-0.0052139231532405544,0.09697160696166054,-0.11343077113907439,0.09697160696166188,-0.11343077113907535
53.0,0.09695887023309226,-0.11344229409298925,3.0,-0.017850871006812787,-0.005217009814497613,-0.017850871006812683,-0.005217009814497214,-0.017850871006812763,-0.005217009814497569,-2.563892696e-315,0.0,0.0,0.0,-1.222462897e-315,0.0,-0.01785087100681261,-0.005217009814497392,0.09695887023309226,-0.11344229409298925,0.09695887023309141,-0.11344229409298845
54.0,0.09694536210873908,-0.11345346020031896,3.0,-0.01784652460586227,-0.0052202035460224335,-0.017846524605862092,-0.005220203546022187,-0.0178465246058621,-0.005220203546022243,8.0430313e-316,0.0,0.0,0.0,-2.58861786e-315,0.0,-0.017846524605861856,-0.005220203546021928,0.09694536210873819,-0.1134534602003184,0.09694536210873908,-0.11345346020031896
55.0,0.09693104734775351,-0.11346363153885415,3.0,-0.017841865644497346,-0.005223457902454417,-0.017841865644497218,-0.00522345790245418,-0.017841865644497478,-0.005223457902454581,-2.049093057e-315,0.0,0.0,0.0,5.5011388e-316,0.0,-0.0178418656444978,-0.005223457902454851,0.09693104734775418,-0.11346363153885299,0.09693104734775351,-0.11346363153885415
56.0,0.09691588875636269,-0.11347186899753514,3.0,-0.01783686097021209,-0.005226701334176802,-0.01783686097021203,-0.005226701334176857,-0.01783686097021244,-0.005226701334177218,-1.16833519e-315,0.0,0.0,0.0,-1.394000573e-315,0.0,-0.017836860970212115,-0.005226701334176886,0.09691588875636269,-0.11347186899753514,0.09691588875636334,-0.11347186899753342
57.0,0.09689984694163402,-0.11347684594101437,3.0,-0.01783146978709434,-0.005229829845188988,-0.01783146978709448,-0.005229829845189253,-0.017831469787094732,-0.005229829845189507,2.982957354e-315,0.0,0.0,0.0,-3.182270017e-315,0.0,-0.017831469787094538,-0.005229829845189152,0.09689984694163441,-0.11347684594101345,0.09689984694163402,-0.11347684594101437
58.0,0.09688288006976492,-0.11347675872502375,3.0,-0.017825642180330243,-0.0052326993626786835,-0.017825642180330326,-0.005232699362679025,-0.01782564218033023,-0.005232699362678517,-5.0921298e-316,0.0,0.0,0.0,9.5992322e-316,0.0,-0.01782564218033036,-0.005232699362678863,0.09688288006976573,-0.11347675872502282,0.09688288006976492,-0.11347675872502375
58.99999999999999,0.09686494364859011,-0.11346924237233363,3.0,-0.017819317763865146,-0.00523511852603821,-0.017819317763865184,-0.0052351185260379384,-0.017819317763865004,-0.005235118526037867,1.27422829e-315,0.0,0.0,0.0,-2.41569076e-315,0.0,-0.01781931776386501,-0.005235118526038172,0.09686494364858932,-0.11346924237233112,0.09686494364859011,-0.11346924237233363
60.0,0.09684599035468429,-0.11345130126865897,3.0,-0.017812424599791186,-0.005236842740298154,-0.017812424599791307,-0.005236842740298244,-0.017812424599791193,-0.00523684274029803,-3.1881862e-315,0.0,0.0,0.0,-1.7515646e-315,0.0,-0.017812424599791245,-0.005236842740298137,0.09684599035468429,-0.11345130126865897,0.09684599035468376,-0.11345130126865564
61.0,0.09682596992325038,-0.11341926509091667,3.0,-0.017804878529060222,-0.005237570375062797,-0.017804878529059806,-0.005237570375062447,-0.017804878529059834,-0.0052375703750624485,-2.2184821e-316,0.0,0.0,0.0,-3.79860114e-315,0.0,-0.017804878529060257,-0.005237570375063044,0.09682596992325038,-0.11341926509091667,0.09682596992325042,-0.11341926509091657
62.0,0.09680482911388245,-0.11336877909311784,3.0,-0.017796583021335233,-0.005236941903043109,-0.017796583021335736,-0.005236941903043641,-0.017796583021335563,-0.005236941903043425,5.5117647e-316,0.0,0.0,0.0,9.4334966e-316,0.0,-0.01779658302133528,-0.005236941903043028,0.09680482911388245,-0.11336877909311784,0.0968048291138811,-0.11336877909311512
63.0,0.09678251175832334,-0.11329483537298987,3.0,-0.017787429601343736,-0.005234542562727331,-0.017787429601344135,-0.005234542562727806,-0.017787429601343677,-0.005234542562727128,-1.344882167e-315,0.0,0.0,0.0,-2.394080595e-315,0.0,-0.017787429601344343,-0.005234542562727664,0.09678251175832334,-0.11329483537298987,0.0967825117583252,-0.11329483537298844
64.0,0.09675895888842137,-0.11319184812378986,3.0,-0.017777298848366964,-0.005229908821763827,-0.017777298848367293,-0.005229908821763913,-0.01777729884836689,-0.005229908821763263,3.35644081e-315,0.0,0.0,0.0,-3.474933176e-315,0.0,-0.017777298848366662,-0.005229908821763244,0.09675895888842137,-0.11319184812378986,0.09675895888842208,-0.11319184812378537
65.0,0.09673410893507131,-0.11305377165372581,3.0,-0.017766061905092813,-0.005222538554206479,-0.017766061905092792,-0.005222538554206349,-0.01776606190509262,-0.005222538554206146,1.557064617e-315,0.0,0.0,0.0,-1.21238705e-315,0.0,-0.017766061905092476,-0.005222538554205894,0.09673410893507166,-0.11305377165372513,0.09673410893507131,-0.11305377165372581
66.0,0.09670789798312576,-0.11287425574588342,3.0,-0.01775358238195437,-0.005211904478492602,-0.017753582381954323,-0.0052119044784928415,-0.017753582381954666,-0.005211904478493052,-3.931885416e-315,0.0,0.0,0.0,3.078369894e-315,0.0,-0.017753582381954812,-0.005211904478493189,0.0967078979831253,-0.11287425574587845,0.09670789798312576,-0.11287425574588342
67.0,0.09668026006359196,-0.11264682932742284,3.0,-0.017739718510615773,-0.005197470085462469,-0.01773971851061554,-0.005197470085462393,-0.017739718510615433,-0.005197470085462189,-1.053171487e-315,0.0,0.0,0.0,3.14951792e-315,0.0,-0.017739718510615916,-0.00519747008546285,0.09668026006359196,-0.11264682932742284,0.09668026006359112,-0.11264682932742093
68.0,0.09665112746331507,-0.11236510087904514,3.0,-0.017724325388602205,-0.005178707057882417,-0.01772432538860206,-0.005178707057882454,-0.017724325388602247,-0.005178707057882521,2.61452753e-315,0.0,0.0,0.0,3.53455289e-315,0.0,-0.017724325388602327,-0.00517870705788287,0.09665112746331475,-0.11236510087904318,0.09665112746331507,-0.11236510087904514
69.0,0.09662043103342695,-0.11202296280226669,3.0,-0.017707257165274534,-0.005155113068912021,-0.01770725716527456,-0.005155113068912048,-0.017707257165274496,-0.005155113068911956,5.380694894e-315,0.0,0.0,0.0,2.993183807e-315,0.0,-0.01770725716527423,-0.005155113068911864,0.09662043103342852,-0.11202296280226189,0.09662043103342695,-0.11202296280226669
70.0,0.0965881004805824,-0.1116147871116231,3.0,-0.01768836904308673,-0.0051262288517286364,-0.017688369043087265,-0.005126228851729233,-0.017688369043087133,-0.005126228851729148,-1.0666527e-315,0.0,0.0,0.0,4.91597157e-315,0.0,-0.017688369043086988,-0.005126228851728839,0.09658810048058042,-0.11161478711162125,0.0965881004805824,-0.1116147871116231
70.99999999999999,0.09655406462871878,-0.11113560117260089,3.0,-0.01766751900141066,-0.005091653544003474,-0.017667519001410007,-0.005091653544002915,-0.01766751900141052,-0.00509165354400369,2.701732827e-315,0.0,0.0,0.0,6.18220464e-316,0.0,-0.01766751900141007,-0.005091653544002895,0.09655406462872013,-0.11113560117259595,0.09655406462871878,-0.11113560117260089
72.0,0.09651825164329664,-0.11058123446819286,3.0,-0.01764456918684502,-0.005051057504195732,-0.017644569186844823,-0.005051057504195451,-0.017644569186844553,-0.005051057504195412,6.77431906e-315,0.0,0.0,0.0,-1.56503055e-315,0.0,-0.017644569186844677,-0.005051057504195231,0.09651825164329664,-0.11058123446819286,0.0965182516432981,-0.11058123446819201
73.0,0.09648058921372972,-0.10994843018064905,3.0,-0.017619386948662025,-0.0050041920402351505,-0.017619386948662056,-0.0050041920402354965,-0.017619386948662347,-0.005004192040235888,-2.90654048e-315,0.0,0.0,0.0,3.92164018e-315,0.0,-0.017619386948662073,-0.005004192040235476,0.09648058921372872,-0.10994843018064722,0.09648058921372972,-0.10994843018064905
74.0,0.09644100469321285,-0.10923491835087788,3.0,-0.017591845527106083,-0.004950895752530583,-0.017591845527106294,-0.00495089575253035,-0.017591845527106104,-0.004950895752530103,7.268237655e-315,0.0,0.0,0.0,4.855064017e-315,0.0,-0.01759184552710605,-0.0049508957525302745,0.09644100469321198,-0.10923491835087605,0.09644100469321285,-0.10923491835087788
75.0,0.09639942519768246,-0.10843945020528141,3.0,-0.017561824423941986,-0.0048910974438147025,-0.017561824423941955,-0.0048910974438147676,-0.017561824423942003,-0.004891097443814933,-2.836614576e-315,0.0,0.0,0.0,3.1448986e-315,0.0,-0.01756182442394191,-0.004891097443814941,0.09639942519768153,-0.1084394502052802,0.09639942519768246,-0.10843945020528141
76.0,0.0963557776674757,-0.10756179567687997,3.0,-0.017529209498469513,-0.004824815766135771,-0.017529209498469832,-0.004824815766135996,-0.01752920949846934,-0.004824815766135361,7.0770989e-315,0.0,0.0,0.0,-7.8491322e-315,0.0,-0.01752920949846972,-0.00482481576613586,0.09635577766747458,-0.10756179567687671,0.0963557776674757,-0.10756179567687997
77.0,0.09630998889632843,-0.10660270804687073,3.0,-0.01749389283898318,-0.004752155946395857,-0.017493892838983095,-0.004752155946395695,-0.01749389283898308,-0.004752155946395802,-1.129027757e-315,0.0,0.0,0.0,3.07772342e-315,0.0,-0.017493892838983227,-0.004752155946395993,0.09630998889632697,-0.10660270804686482,0.09630998889632843,-0.10660270804687073
78.0,0.09626198553281343,-0.10556386093292615,3.0,-0.01745577246076423,-0.0046733040503537234,-0.01745577246076384,-0.004673304050353251,-0.01745577246076436,-0.00467330405035372,2.830307675e-315,0.0,0.0,0.0,-7.631213876e-315,0.0,-0.01745577246076445,-0.0046733040503539516,0.09626198553281343,-0.10556386093292615,0.09626198553281164,-0.10556386093292147
79.0,0.09621169405929245,-0.10444776356471316,3.0,-0.017414751878692222,-0.004588519311342928,-0.0174147518786927,-0.004588519311343451,-0.017414751878692767,-0.004588519311343228,-7.1361238e-315,0.0,0.0,0.0,1.183524136e-315,0.0,-0.01741475187869233,-0.004588519311342952,0.09621169405929078,-0.1044477635647125,0.09621169405929245,-0.10444776356471316
80.0,0.0961590407531388,-0.10325766048197697,3.0,-0.017370739596990915,-0.004498125069709313,-0.017370739596991574,-0.004498125069709583,-0.017370739596991164,-0.004498125069709195,-6.62405264e-316,0.0,0.0,0.0,-2.918957963e-315,0.0,-0.01737073959699133,-0.004498125069709472,0.09615904075313886,-0.10325766048197448,0.0961590407531388,-0.10325766048197697
81.0,0.0961039516344188,-0.10199742156227394,3.0,-0.017323648551769606,-0.004402498850550422,-0.017323648551769256,-0.004402498850549936,-0.01732364855176913,-0.004402498850549537,1.555878825e-315,0.0,0.0,0.0,7.21621833e-315,0.0,-0.017323648551768996,-0.004402498850549738,0.09610395163441805,-0.1019974215622706,0.0961039516344188,-0.10199742156227394
82.0,0.09604635240358352,-0.10067142774664964,3.0,-0.017273395534849557,-0.004302062060554403,-0.017273395534849967,-0.00430206206055478,-0.017273395534849835,-0.004302062060554413,-3.793892684e-315,0.0,0.0,0.0,2.08238268e-315,0.0,-0.01727339553484978,-0.0043020620605543,0.09604635240358352,-0.10067142774664964,0.09604635240358136,-0.1006714277466463
83.0,0.09598616837211008,-0.09928445709037674,3.0,-0.017219900620534044,-0.0041972697193330185,-0.017219900620534006,-0.004197269719333227,-0.01721990062053378,-0.004197269719333032,9.426631857e-315,0.0,0.0,0.0,-5.169321783e-315,0.0,-0.017219900620533753,-0.004197269719332771,0.09598616837211008,-0.09928445709037674,0.09598616837211037,-0.0992844570903761
84.0,0.09592332438833714,-0.09784157492018553,3.0,-0.017163086610869748,-0.004088600565390959,-0.017163086610869852,-0.004088600565390867,-0.01716308661086971,-0.004088600565390666,-1.98519139e-315,0.0,0.0,0.0,-8.632804806e-315,0.0,-0.01716308661086991,-0.004088600565391151,0.09592332438833714,-0.09784157492018553,0.09592332438833559,-0.09784157492018455
85.0,0.09585774476015285,-0.09634803100997752,3.0,-0.017102878509838174,-0.003976547799134378,-0.017102878509838385,-0.003976547799134625,-0.017102878509838278,-0.003976547799134719,4.97806654e-315,0.0,0.0,0.0,-8.39093974e-316,0.0,-0.017102878509838545,-0.003976547799134689,0.09585774476015312,-0.09634803100997467,0.09585774476015285,-0.09634803100997752
85.99999999999999,0.09578935317582542,-0.09480916585413056,3.0,-0.01703920303269694,-0.003861610650521255,-0.017039203032696567,-0.003861610650521097,-0.017039203032696452,-0.003861610650520745,1.070066669e-314,0.0,0.0,0.0,2.19948368e-315,0.0,-0.01703920303269638,-0.003861610650520932,0.09578935317582316,-0.09480916585412658,0.09578935317582542,-0.09480916585413056
86.99999999999999,0.09571807262365262,-0.09323032736288882,3.0,-0.01697198815347063,-0.00374428689103609,-0.01697198815347039,-0.003744286891035973,-0.016971988153470827,-0.003744286891036295,-2.823909876e-315,0.0,0.0,0.0,-5.47704228e-315,0.0,-0.01697198815347007,-0.003744286891035769,0.09571807262365262,-0.09323032736288882,0.09571807262365348,-0.09323032736288747
88.0,0.09564382531096968,-0.09161679865355812,3.0,-0.016901162691175226,-0.0036250663509417996,-0.016901162691175267,-0.0036250663509416036,-0.016901162691175454,-0.0036250663509417576,6.984279616e-315,0.0,0.0,0.0,-1.1075430063e-314,0.0,-0.01690116269117557,-0.003625066350942107,0.09564382531096968,-0.09161679865355812,0.09564382531096936,-0.09161679865355676
89.0,0.09556653258261219,-0.08997373707425053,3.0,-0.016826655933618477,-0.0035044254542030986,-0.016826655933618463,-0.0035044254542030786,-0.016826655933618873,-0.0035044254542032694,8.208494e-315,0.0,0.0,0.0,1.882376376e-315,0.0,-0.016826655933618394,-0.0035044254542030942,0.09556653258261219,-0.08997373707425053,0.09556653258261406,-0.0899737370742465
90.0,0.09548611483887338,-0.08830612417565513,3.0,-0.016748397296472536,-0.0033828227453030326,-0.01674839729647239,-0.0033828227453029844,-0.016748397296472654,-0.0033828227453034155,5.969727774e-315,0.0,0.0,0.0,-4.59622859e-315,0.0,-0.0167483972964725,-0.0033828227453034025,0.09548611483887338,-0.08830612417565513,0.09548611483887243,-0.0883061241756503
91.0,0.09540249145271919,-0.0866187260323488,3.0,-0.0166663160146088,-0.003260695353707256,-0.016666316014609512,-0.003260695353707932,-0.016666316014609498,-0.0032606953537079376,1.256322482e-314,0.0,0.0,0.0,1.1410971307e-314,0.0,-0.016666316014609973,-0.0032606953537081015,0.09540249145271985,-0.08661872603234756,0.09540249145271919,-0.0866187260323488
92.0,0.09531558068602722,-0.08491606309834057,3.0,-0.01658034086228598,-0.0031384563219894733,-0.016580340862285624,-0.003138456321989328,-0.016580340862285443,-0.003138456321989036,-2.96213851e-315,0.0,0.0,0.0,-1.1182124e-316,0.0,-0.016580340862286,-0.0031384563219893085,0.09531558068602598,-0.08491606309834007,0.09531558068602722,-0.08491606309834057
93.0,0.0952252996044271,-0.08320238864665724,3.0,-0.016490399898649588,-0.0030164927113684216,-0.016490399898650483,-0.0030164927113689767,-0.016490399898649262,-0.0030164927113680833,7.40542557e-315,0.0,0.0,0.0,2.8786066e-316,0.0,-0.016490399898649998,-0.003016492711368747,0.09522529960442691,-0.08320238864665709,0.0952252996044271,-0.08320238864665724
94.0,0.0951315639903645,-0.08148167477612772,3.0,-0.016396420235053433,-0.0028951643922924615,-0.016396420235053544,-0.0028951643922925374,-0.016396420235053465,-0.002895164392292404,1.1766250203e-314,0.0,0.0,0.0,-7.33708526e-316,0.0,-0.01639642023505361,-0.0028951643922926176,0.09513156399036618,-0.08148167477612443,0.0951315639903645,-0.08148167477612772
95.0,0.0950342882539246,-0.0797576049547962,3.0,-0.0162983278208116,-0.002774803426403258,-0.01629832782081236,-0.002774803426403784,-0.016298327820812183,-0.002774803426403665,1.862432774e-315,0.0,0.0,0.0,1.85589227e-315,0.0,-0.016298327820812062,-0.0027748034264037445,0.09503428825392443,-0.07975760495479503,0.0950342882539246,-0.0797576049547962
96.0,0.09493338534093783,-0.07803357209616611,3.0,-0.016196047244267122,-0.002655713948648005,-0.016196047244267747,-0.0026557139486484004,-0.01619604724426771,-0.0026557139486482386,-4.62258684e-315,0.0,0.0,0.0,-4.69424696e-315,0.0,-0.01619604724426822,-0.00265571394864866,0.09493338534093783,-0.07803357209616611,0.09493338534093827,-0.07803357209616177
97.0,0.0948287666379052,-0.07631268121987977,3.0,-0.01608950154623484,-0.0025381724632568504,-0.016089501546234872,-0.0025381724632568534,-0.016089501546235254,-0.002538172463257186,1.1577117076e-314,0.0,0.0,0.0,1.160064812e-314,0.0,-0.01608950154623498,-0.0025381724632569046,0.0948287666379052,-0.07631268121987977,0.0948287666379039,-0.07631268121987336
98.0,0.09472034187323493,-0.07459775582282038,3.0,-0.01597861204320473,-0.0024224284740953952,-0.01597861204320544,-0.0024224284740959326,-0.01597861204320526,-0.0024224284740957773,5.30770961e-315,0.0,0.0,0.0,5.32893205e-315,0.0,-0.015978612043204877,-0.002422428474095472,0.09472034187323375,-0.07459775582281783,0.09472034187323493,-0.07459775582282038
99.0,0.09460801901434891,-0.07289134717228236,3.0,-0.015863298157908354,-0.0023087053776385293,-0.01586329815790882,-0.0023087053776387812,-0.015863298157908084,-0.002308705377638435,-1.3103902816e-314,0.0,0.0,0.0,-1.30960145e-314,0.0,-0.01586329815790819,-0.0023087053776383883,0.09460801901434891,-0.07289134717228236,0.09460801901434819,-0.07289134717227759
100.0,0.0944917041601013,-0.07119574582312756,3.0,-0.01574347725509315,-0.0021972015550294406,-0.01574347725509344,-0.002197201555029652,-0.015743477255092987,-0.002197201555029458,-3.870616904e-315,0.0,0.0,0.0,-3.967358267e-315,0.0,-0.01574347725509388,-0.00219720155502986,0.0944917041601013,-0.07119574582312756,0.09449170416010041,-0.07119574582312338
101.0,0.09437130142807065,-0.06951299475195141,3.0,-0.01561906448059223,-0.0020880916079576485,-0.015619064480592047,-0.002088091607957679,-0.01561906448059258,-0.002088091607957921,9.74750445e-315,0.0,0.0,0.0,9.791870543e-315,0.0,-0.015619064480592389,-0.002088091607957751,0.09437130142807185,-0.06951299475194878,0.09437130142807065,-0.06951299475195141
101.99999999999999,0.09424671283622033,-0.06784490358866244,3.0,-0.015489972601948548,-0.0019815276910441454,-0.015489972601949455,-0.0019815276910447243,-0.015489972601948843,-0.001981527691044426,1.4254980495e-314,0.0,0.0,0.0,1.4244299695e-314,0.0,-0.015489972601949112,-0.0019815276910445457,0.09424671283622185,-0.06784490358865737,0.09424671283622033,-0.06784490358866244
102.99999999999999,0.0941178381783691,-0.06619306350823134,3.0,-0.015356111849036912,-0.0018776409009148396,-0.015356111849037108,-0.0018776409009149582,-0.01535611184903722,-0.0018776409009150141,4.475938386e-315,0.0,0.0,0.0,4.562460343e-315,0.0,-0.015356111849036722,-0.0018776409009148014,0.09411783817836775,-0.06619306350822785,0.0941178381783691,-0.06619306350823134
104.0,0.09398457489299972,-0.06455886242092164,3.0,-0.015217389753252392,-0.0017765426890008966,-0.015217389753250925,-0.001776542689000293,-0.015217389753252026,-0.0017765426890007379,-1.101340994e-314,0.0,0.0,0.0,-1.1283776266e-314,0.0,-0.015217389753251275,-0.0017765426890003612,0.09398457489299972,-0.06455886242092164,0.09398457489299855,-0.06455886242091774
105.0,0.09384681792481485,-0.0629435001668207,3.0,-0.015073710983969603,-0.0016783262712854767,-0.015073710983968959,-0.0016783262712852139,-0.015073710983969544,-0.0016783262712854613,-1.47590003e-314,0.0,0.0,0.0,-1.4025076004e-314,0.0,-0.015073710983968622,-0.0016783262712850864,0.09384681792481485,-0.0629435001668207,0.09384681792481238,-0.06294350016681548
106.0,0.09370445957848891,-0.061348003480792335,3.0,-0.014924977181056677,-0.0015830680136685081,-0.01492497718105641,-0.0015830680136685298,-0.014924977181056877,-0.0015830680136686285,-6.88803164e-315,0.0,0.0,0.0,-8.45395682e-315,0.0,-0.014924977181056915,-0.0015830680136686393,0.0937044595784856,-0.06134800348078943,0.09370445957848891,-0.061348003480792335
107.0,0.09355738936398096,-0.05977324054584314,3.0,-0.014771086782282127,-0.0014908287763675354,-0.014771086782282216,-0.0014908287763675942,-0.0147710867822822,-0.0014908287763676028,1.706898632e-314,0.0,0.0,0.0,2.082268719e-314,0.0,-0.014771086782283225,-0.001490828776367947,0.09355738936398096,-0.05977324054584314,0.09355738936397909,-0.05977324054584057
108.0,0.09340549383278329,-0.05821993499788789,3.0,-0.014611934844521864,-0.001401655204861661,-0.01461193484452228,-0.0014016552048618583,-0.014611934844522199,-0.0014016552048617742,3.63674589e-315,0.0,0.0,0.0,-5.763835624e-315,0.0,-0.014611934844522058,-0.0014016552048617028,0.09340549383278156,-0.05821993499788363,0.09340549383278329,-0.05821993499788789
109.0,0.09324865640436045,-0.056688679282742196,3.0,-0.014447412857683617,-0.0013155809583334686,-0.014447412857684153,-0.0013155809583336167,-0.014447412857684486,-0.0013155809583336629,-8.85525378e-315,0.0,0.0,0.0,1.4325237074e-314,0.0,-0.014447412857684926,-0.0013155809583338565,0.09324865640436045,-0.056688679282742196,0.09324865640435812,-0.05668867928274037
110.0,0.09308675718207139,-0.05517994729783136,3.0,-0.014277408550271771,-0.0012326278694474563,-0.014277408550271388,-0.0012326278694472317,-0.014277408550271098,-0.0012326278694472232,2.1670512286e-314,0.0,0.0,0.0,1.2866508576e-314,0.0,-0.014277408550271821,-0.0012326278694473542,0.09308675718207139,-0.05517994729783136,0.09308675718207164,-0.055179947297830365
111.0,0.09291967275772695,-0.05369410627736963,3.0,-0.01410180568548925,-0.0011528070316738658,-0.014101805685488475,-0.0011528070316736392,-0.014101805685489294,-0.0011528070316739268,-3.73496535e-315,0.0,0.0,0.0,1.795147603e-314,0.0,-0.01410180568548913,-0.0011528070316737785,0.09291967275772588,-0.053694106277368495,0.09291967275772695,-0.05369410627736963
112.0,0.0927472760038607,-0.05223142790066906,3.0,-0.013920483846776532,-0.0010761198123081896,-0.013920483846776422,-0.0010761198123082983,-0.013920483846776133,-0.0010761198123080981,9.050141054e-315,0.0,0.0,0.0,6.484993944e-315,0.0,-0.01392048384677683,-0.0010761198123083533,0.09274727600386162,-0.05223142790066682,0.0927472760038607,-0.05223142790066906
113.0,0.09256943585278475,-0.05079209862050437,3.0,-0.01373331821159318,-0.0010025587908537973,-0.01373331821159284,-0.0010025587908536993,-0.01373331821159318,-0.0010025587908537579,-2.2319453816e-314,0.0,0.0,0.0,-1.595749517e-314,0.0,-0.013733318211593553,-0.001002558790853832,0.09256943585278475,-0.05079209862050437,0.09256943585278235,-0.050792098620502366
114.0,0.0923860170612775,-0.04937622922143144,3.0,-0.013540179312199491,-0.0009321086236503596,-0.013540179312199594,-0.0009321086236503904,-0.013540179312199016,-0.0009321086236502447,1.37995366e-315,0.0,0.0,0.0,-1.4488931373e-314,0.0,-0.013540179312199217,-0.0009321086236502677,0.092386017061277,-0.04937622922143105,0.0923860170612775,-0.04937622922143144
115.0,0.09219687995980058,-0.04798386362834783,3.0,-0.01334093278213136,-0.000864746836550663,-0.01334093278213145,-0.0008647468365506766,-0.01334093278213169,-0.0008647468365507241,-3.475058353e-315,0.0,0.0,0.0,-1.9341613396e-314,0.0,-0.013340932782131951,-0.0008647468365507549,0.09219687995980333,-0.047983863628346626,0.09219687995980058,-0.04798386362834783
116.0,0.09200188018484387,-0.046614986992982325,3.0,-0.013135439086914032,-0.0008004445481151938,-0.013135439086914481,-0.0008004445481152456,-0.013135439086913857,-0.0008004445481151006,8.753291107e-315,0.0,0.0,0.0,-8.99518916e-315,0.0,-0.01313543908691457,-0.0008004445481152662,0.0920018801848421,-0.04661498699298143,0.09200188018484387,-0.046614986992982325
117.0,0.09180086839298898,-0.04526953309149088,3.0,-0.012923553237471973,-0.0007391671262900676,-0.01292355323747152,-0.0007391671262899928,-0.012923553237472367,-0.000739167126290206,-2.1541367627e-314,0.0,0.0,0.0,2.2031967007e-314,0.0,-0.012923553237472152,-0.0007391671262901204,0.09180086839298898,-0.04526953309149088,0.09180086839298894,-0.0452695330914893
117.99999999999999,0.09159368995508904,-0.043947391069976256,3.0,-0.012705124484536139,-0.000680874781844354,-0.012705124484535847,-0.0006808747818442752,-0.012705124484535616,-0.0006808747818442166,-6.343884907e-315,0.0,0.0,0.0,5.275180847e-315,0.0,-0.012705124484534524,-0.0006808747818440349,0.09159368995508863,-0.04394739106997407,0.09159368995508904,-0.043947391069976256
118.99999999999999,0.09138018462874987,-0.04264841157688045,3.0,-0.012479995992178743,-0.0006255231020308291,-0.012479995992179256,-0.0006255231020308927,-0.012479995992178064,-0.0006255231020306662,1.5360372107e-314,0.0,0.0,0.0,-1.2874248273e-314,0.0,-0.012479995992178397,-0.0006255231020307723,0.09138018462874987,-0.04264841157688045,0.09138018462874867,-0.04264841157687845
120.0,0.09116018620712654,-0.04137241232233611,3.0,-0.012248004488423591,-0.0005730635280195845,-0.012248004488423721,-0.0005730635280196421,-0.012248004488423196,-0.0005730635280195494,2.4802237885e-314,0.0,0.0,0.0,-3.083092364e-314,0.0,-0.012248004488423492,-0.0005730635280195935,0.09116018620712654,-0.04137241232233611,0.0911601862071241,-0.04137241232233298
121.0,0.09093352214181782,-0.040119183104655926,3.0,-0.012008979890644308,-0.0005234437796431753,-0.012008979890644316,-0.0005234437796432024,-0.012008979890644943,-0.0005234437796432944,3.42097235e-315,0.0,0.0,0.0,1.1469317594e-314,0.0,-0.012008979890644275,-0.0005234437796432322,0.09093352214181709,-0.0401191831046557,0.09093352214181782,-0.040119183104655926
122.0,0.09070001313739448,-0.038888490343665094,3.0,-0.011762744903230708,-0.00047660823093150515,-0.011762744903231374,-0.00047660823093157746,-0.011762744903231051,-0.00047660823093156895,-8.34628885e-315,0.0,0.0,0.0,-2.8184883665e-314,0.0,-0.01176274490323025,-0.00047660823093142286,0.09070001313739448,-0.038888490343665094,0.09070001313739354,-0.038888490343662215
123.0,0.09045947271476827,-0.03768008115947028,3.0,-0.011509114584695746,-0.000432498239791115,-0.011509114584695524,-0.0004324982397910982,-0.011509114584696606,-0.00043249823979121663,2.0312560215e-314,0.0,0.0,0.0,1.905035857e-315,0.0,-0.011509114584696082,-0.0004324982397911772,0.0904594727147693,-0.03768008115946861,0.09045947271476827,-0.03768008115947028
124.0,0.09021170674029537,-0.03649368703387654,3.0,-0.011247895881084515,-0.0003910524350312163,-0.011247895881085346,-0.0003910524350313085,-0.011247895881084023,-0.00039105243503116,1.899079108e-314,0.0,0.0,0.0,-4.67001951e-315,0.0,-0.011247895881084413,-0.0003910524350312173,0.09021170674029459,-0.03649368703387638,0.09021170674029537,-0.03649368703387654
125.0,0.0899565129171595,-0.03532902708989151,3.0,-0.010978887122144726,-0.0003522069637523971,-0.010978887122143292,-0.00035220696375221706,-0.010978887122143588,-0.00035220696375225805,2.4164662943e-314,0.0,0.0,0.0,1.156809476e-314,0.0,-0.010978887122143684,-0.0003522069637522845,0.0899565129171595,-0.03532902708989151,0.08995651291715927,-0.03532902708989075
126.0,0.08969368023507321,-0.03418581102294142,3.0,-0.010701877476315185,-0.0003158957019161474,-0.010701877476313786,-0.0003158957019160062,-0.010701877476313893,-0.0003158957019160222,1.333538549e-314,0.0,0.0,0.0,-2.879202947e-314,0.0,-0.010701877476314807,-0.0003158957019161112,0.08969368023507321,-0.03418581102294142,0.08969368023507307,-0.03418581102293809
127.0,0.08942298837390686,-0.03306374171540745,3.0,-0.010416646360074383,-0.000282050430696494,-0.01041664636007385,-0.00028205043069645083,-0.010416646360074826,-0.0002820504306965262,-3.2864510767e-314,0.0,0.0,0.0,-3.01652049e-315,0.0,-0.010416646360074371,-0.00028205043069650835,0.08942298837390317,-0.033063741715402696,0.08942298837390686,-0.03306374171540745
128.0,0.08914420705621119,-0.03196251756410828,3.0,-0.010122962796617611,-0.00025060098099164243,-0.01012296279661606,-0.00025060098099151124,-0.010122962796616784,-0.00025060098099157315,4.610990766e-315,0.0,0.0,0.0,7.009255865e-315,0.0,-0.010122962796617278,-0.0002506009809915978,0.08914420705620821,-0.031962517564104995,0.08914420705621119,-0.03196251756410828
129.0,0.08885709534305838,-0.030881834548297748,3.0,-0.009820584718177778,-0.00022147534824828622,-0.009820584718176328,-0.00022147534824819173,-0.009820584718177256,-0.00022147534824826137,-1.119076741e-314,0.0,0.0,0.0,-1.6892662617e-314,0.0,-0.009820584718177393,-0.00022147534824826077,0.08885709534306042,-0.030881834548297425,0.08885709534305838,-0.030881834548297748
130.0,0.08856140086666384,-0.029821388063793777,3.0,-0.009509258205556531,-0.0001945997795232258,-0.009509258205556387,-0.0001945997795232147,-0.009509258205557425,-0.00019459977952328023,2.758825358e-314,0.0,0.0,0.0,-3.820855253e-314,0.0,-0.009509258205556533,-0.00019459977952322337,0.08856140086666288,-0.029821388063792746,0.08856140086666384,-0.029821388063793777
131.0,0.08825685899260839,-0.028780874547018363,3.0,-0.00918871665753436,-0.00016989883447559684,-0.009188716657533505,-0.0001698988344755432,-0.00918871665753617,-0.00016989883447570949,1.3662984294e-314,0.0,0.0,0.0,1.238165684e-314,0.0,-0.009188716657534485,-0.0001698988344756135,0.08825685899260839,-0.028780874547018363,0.0882568589926072,-0.02878087454701605
132.0,0.0879431919032454,-0.02775999291076002,3.0,-0.008858679881784652,-0.00014729542175521545,-0.008858679881785965,-0.00014729542175529473,-0.008858679881784891,-0.00014729542175522607,-3.3895399497e-314,0.0,0.0,0.0,-3.061771522e-314,0.0,-0.008858679881784641,-0.00014729542175521452,0.0879431919032454,-0.02775999291076002,0.08794319190324276,-0.0277599929107596
133.0,0.08762010759282565,-0.026758445811942637,3.0,-0.008518853097778738,-0.00012671081202630062,-0.008518853097778676,-0.00012671081202630407,-0.008518853097779553,-0.00012671081202634158,-1.558995633e-315,0.0,0.0,0.0,-9.88656279e-315,0.0,-0.008518853097779415,-0.00012671081202633562,0.08762010759282664,-0.026758445811942158,0.08762010759282565,-0.026758445811942637
134.0,0.08728729876334906,-0.025775940769883852,3.0,-0.008168925840703526,-0.00010806462863485492,-0.008168925840703993,-0.00010806462863488247,-0.008168925840705504,-0.00010806462863494702,3.322521425e-315,0.0,0.0,0.0,2.4334930143e-314,0.0,-0.008168925840704373,-0.00010806462863489921,0.08728729876334906,-0.025775940769883852,0.0872872987633477,-0.025775940769883435
135.0,0.08694444160863568,-0.024812191152221722,3.0,-0.007808570753813289,-9.127481669985619e-5,-0.007808570753812338,-9.12748166998287e-5,-0.007808570753813314,-9.127481669986074e-5,-8.30879782e-315,0.0,0.0,0.0,2.959198965e-314,0.0,-0.007808570753812994,-9.127481669985299e-5,0.08694444160863207,-0.024812191152218752,0.08694444160863568,-0.024812191152221722
136.0,0.08659119447205889,-0.02386691704413685,3.0,-0.007437442254677893,-7.625759117493537e-5,-0.007437442254675052,-7.625759117483113e-5,-0.007437442254675196,-7.625759117484212e-5,2.044439057e-314,0.0,0.0,0.0,1.836888358e-314,0.0,-0.007437442254676916,-7.625759117489997e-5,0.08659119447205983,-0.023866917044135096,0.08659119447205889,-0.02386691704413685
137.0,0.08622719636119569,-0.02293984601540425,3.0,-0.007055175058535511,-6.29273641900814e-5,-0.007055175058534828,-6.292736419006185e-5,-0.007055175058535159,-6.292736419007509e-5,4.300785126e-314,0.0,0.0,0.0,-4.5399052124e-314,0.0,-0.00705517505853308,-6.292736419001003e-5,0.08622719636119437,-0.022939846015402523,0.08622719636119569,-0.02293984601540425
138.0,0.085852065299789,-0.022030713798541806,3.0,-0.006661382539218334,-5.119665173463499e-5,-0.006661382539217325,-5.119665173460912e-5,-0.0066613825392182096,-5.119665173463487e-5,-1.010196255e-314,0.0,0.0,0.0,1.5993884955e-314,0.0,-0.006661382539219021,-5.119665173465636e-5,0.085852065299789,-0.022030713798541806,0.08585206529978533,-0.02203071379854018
139.0,0.08546539649434852,-0.021139264890372787,3.0,-0.006255654904902462,-4.0975959484121766e-5,-0.006255654904900122,-4.0975959484069134e-5,-0.006255654904900569,-4.0975959484079644e-5,2.474997543e-314,0.0,0.0,0.0,-3.8892008623e-314,0.0,-0.006255654904900006,-4.097595948407034e-5,0.08546539649434769,-0.02113926489037136,0.08546539649434852,-0.021139264890372787
140.0,0.08506676028874055,-0.020265253088462682,3.0,-0.005837557162123897,-3.2173647298522574e-5,-0.0058375571621216305,-3.2173647298483245e-5,-0.00583755716212198,-3.217364729848853e-5,3.9105525974e-314,0.0,0.0,0.0,-4.45804214e-315,0.0,-0.005837557162123553,-3.21736472985199e-5,0.08506676028874055,-0.020265253088462682,0.08506676028873895,-0.020265253088460895
140.99999999999997,0.08465569987541141,-0.01940844197302864,3.0,-0.005406626836980596,-2.469577162142469e-5,-0.005406626836981506,-2.469577162143956e-5,-0.005406626836979924,-2.469577162141445e-5,5.0909918e-315,0.0,0.0,0.0,1.085512472e-314,0.0,-0.005406626836980578,-2.4695771621425453e-5,0.08465569987541141,-0.01940844197302864,0.08465569987540958,-0.01940844197302723
141.99999999999997,0.08423172872637495,-0.018568605344308545,3.0,-0.004962371417153849,-1.8445904682047307e-5,-0.004962371417154034,-1.8445904682048327e-5,-0.004962371417154864,-1.8445904682059376e-5,-1.1957703397e-314,0.0,0.0,0.0,-2.6379106743e-314,0.0,-0.004962371417154738,-1.8445904682055845e-5,0.08423172872637531,-0.018568605344307522,0.08423172872637495,-0.018568605344308545
142.99999999999997,0.08379432770018169,-0.01774552762490625,3.0,-0.004504265472731904,-1.332492904051922e-5,-0.004504265472729706,-1.3324929040498428e-5,-0.004504265472729797,-1.3324929040498054e-5,2.897779766e-314,0.0,0.0,0.0,-4.1081220456e-314,0.0,-0.004504265472729524,-1.3324929040496233e-5,0.08379432770018169,-0.01774552762490625,0.08379432770017901,-0.0177455276249053
144.0,0.08334294177269365,-0.016939004236096417,3.0,-0.0040317474094725405,-9.230805610284521e-6,-0.004031747409473814,-9.230805610293715e-6,-0.004031747409474473,-9.230805610299668e-6,3.702645636e-314,0.0,0.0,0.0,-7.30071446e-315,0.0,-0.004031747409472243,-9.230805610282927e-6,0.08334294177269096,-0.01693900423609372,0.08334294177269365,-0.016939004236096417
145.0,0.08287697632940907,-0.016148841956958,3.0,-0.0035442158131738996,-6.058312836662277e-6,-0.003544215813172956,-6.058312836657986e-6,-0.0035442158131732695,-6.058312836659062e-6,1.9587170465e-314,0.0,0.0,0.0,1.7422552607e-314,0.0,-0.0035442158131719368,-6.058312836651867e-6,0.08287697632940642,-0.016148841956956386,0.08287697632940907,-0.016148841956958
146.0,0.08239579294421825,-0.015374859274960611,3.0,-0.003041024267620573,-3.6987500076106816e-6,-0.0030410242676177967,-3.6987500075997574e-6,-0.003041024267619402,-3.6987500076062584e-6,-4.7984875446e-314,0.0,0.0,0.0,-4.2639477076e-314,0.0,-0.0030410242676183795,-3.6987500076019597e-6,0.08239579294421448,-0.015374859274958578,0.08239579294421825,-0.015374859274960611
147.0,0.08189870455391388,-0.014616886736720923,3.0,-0.0025214793443640235,-2.0396221306849557e-6,-0.0025214793443640937,-2.0396221306851518e-6,-0.002521479344365475,-2.0396221306881337e-6,2.64075381e-315,0.0,0.0,0.0,-1.0686700956e-314,0.0,-0.0025214793443632554,-2.039622130682548e-6,0.08189870455391125,-0.014616886736720363,0.08189870455391388,-0.014616886736720923
148.0,0.08138496991813875,-0.01387476730789852,3.0,-0.0019848316704677857,-9.64255661204789e-7,-0.0019848316704684683,-9.642556612057852e-7,-0.0019848316704704962,-9.64255661208989e-7,-6.742804043e-315,0.0,0.0,0.0,2.6702032476e-314,0.0,-0.001984831670467711,-9.642556612047412e-7,0.08138496991813875,-0.01387476730789852,0.0813849699181364,-0.013874767307897874
149.0,0.08085378722958912,-0.013148356751522853,3.0,-0.001430271476996994,-3.5139577597892123e-7,-0.0014302714769968813,-3.513957759789145e-7,-0.0014302714769944712,-3.5139577597700646e-7,1.717006214e-314,0.0,0.0,0.0,5.454528102e-314,0.0,-0.0014302714769950427,-3.5139577597753776e-7,0.08085378722958912,-0.013148356751522853,0.08085378722958929,-0.013148356751522355
150.0,0.08030428670813311,-0.012437524034840464,3.0,-0.0008569213671143573,-7.474054419505195e-8,-0.0008569213671136048,-7.474054419483993e-8,-0.000856921367115179,-7.47405441952683e-8,-4.2935990203e-314,0.0,0.0,0.0,-1.206840451e-314,0.0,-0.0008569213671131029,-7.474054419471443e-8,0.08030428670813006,-0.012437524034837718,0.08030428670813311,-0.012437524034840464
151.0,0.07973552197217804,-0.011742151775630502,3.0,-0.00026382742047704105,-2.4175378089741966e-9,-0.00026382742047574055,-2.4175378089405813e-9,-0.0002638274204740445,-2.4175378088962047e-9,-2.0592076135e-314,0.0,0.0,0.0,3.1187929664e-314,0.0,-0.00026382742047588876,-2.4175378089453496e-9,0.07973552197217804,-0.011742151775630502,0.0797355219721762,-0.011742151775629974
152.0,0.07914645992914958,-0.011062136740344931,2.0,-5.715776122726678e-10,-2.131263096631326e-21,-5.715776118640875e-10,-2.131263086567075e-21,-5.715776131512551e-10,-2.131263075613645e-21,4.947619889e-314,0.0,0.0,0.0,4.798809653e-314,0.0,-5.715776121865278e-10,-2.1312630815257737e-21,0.07914645992915022,-0.011062136740343679,0.07914645992914958,-0.011062136740344931
153.0,0.07853596885949685,-0.010397390408179453,2.0,-3.4432783144402893e-16,-7.712680426556364e-34,-3.4432778302758324e-16,-7.712685757770006e-34,-3.443278832030326e-16,-7.71274056775343e-34,9.06000725e-315,0.0,0.0,0.0,1.374110477e-314,0.0,-3.443283382973643e-16,-7.712688868599763e-34,0.07853596885949028,-0.010397390408175956,0.07853596885949685,-0.010397390408179453
154.0,0.07790280428035068,-0.00974783961758652,2.0,2.6411330149042684e-27,-1.5517284689142836e-56,2.4365406318010078e-27,-2.043746566887572e-56,2.879068932759793e-27,-3.443321756253469e-56,-2.1257501854e-314,0.0,0.0,0.0,-3.4044967017e-314,0.0,2.5648910772432555e-27,-2.609161353900265e-56,0.07790280428034735,-0.00974783961758382,0.07790280428035068,-0.00974783961758652
155.0,0.07724559205771703,-0.00911342731488112,2.0,-1.645311026492961e-39,3.536890578897524e-81,1.6358111182787e-39,-1.1119578644741759e-80,-2.612474758921757e-40,-2.634481933429244e-80,5.084759713e-314,0.0,0.0,0.0,-5.143546462e-314,0.0,1.2258535407248244e-39,1.627012585559126e-79,0.07724559205771074,-0.009113427314877801,0.07724559205771703,-0.00911342731488112
156.0,0.07656280807838566,-0.00849411342872663,2.0,7.158539609614291e-52,-1.6891433518890954e-104,-2.1502721676394653e-51,-2.4143702260129486e-103,-4.285637769125452e-53,-4.816625847864751e-106,1.381724827e-314,0.0,0.0,0.0,-1.203180023e-314,0.0,-1.691725865622762e-51,-5.0352486468394254e-104,0.07656280807838167,-0.008494113428723787,0.07656280807838566,-0.00849411342872663
157.0,0.07585275357879533,-0.007889875899816693,2.0,4.51971515082589e-64,3.4673448355675387e-128,-1.8942600468819277e-63,8.959995118773844e-128,-8.112774839113836e-65,5.604047736473013e-131,-3.429484981e-314,0.0,0.0,0.0,2.8957173017e-314,0.0,-2.4077926578340012e-63,-6.679124084984329e-128,0.07585275357879533,-0.007889875899816693,0.07585275357879516,-0.007889875899815628
158.0,0.07511352493316424,-0.007300711902447237,2.0,1.303350841857301e-75,-1.1804023772328918e-152,-5.539204683644622e-75,-1.8448961984438617e-151,-2.070286849074404e-76,-3.1454067085334435e-154,-5.883433799e-314,0.0,0.0,0.0,-6.9827875303e-314,0.0,-5.273672243619188e-75,-4.047579629975341e-151,0.07511352493316424,-0.007300711902447237,0.0751135249331632,-0.007300711902445657
159.0,0.07434297629068679,-0.006726639304424719,2.0,4.960078393906575e-88,-2.5601871057737362e-176,-4.792763453524525e-87,2.023997678841841e-175,-1.4899800235232142e-88,-9.954690013605286e-178,-1.91531314e-315,0.0,0.0,0.0,2.502089387e-314,0.0,-5.1738097371042905e-87,-8.299706740355808e-175,0.07434297629068358,-0.006726639304423854,0.07434297629068679,-0.006726639304424719
160.0,0.07353867286665074,-0.006167698425475178,2.0,2.3790657882197595e-100,1.327683352236802e-201,-3.101226362567676e-99,5.057085606265835e-199,2.1602292505385726e-101,5.321088564283034e-203,5.105075873e-315,0.0,0.0,0.0,-6.065969329e-314,0.0,1.5376080384730704e-99,3.737783803251625e-200,0.07353867286665074,-0.006167698425475178,0.07353867286664843,-0.0061676984254741074
161.0,0.07269783184560084,-0.0056239541726160565,2.0,-2.1347558141172795e-112,1.7045481169958035e-225,4.317600848636712e-111,4.591589504570655e-223,4.845133802566359e-114,-7.554984657340327e-229,-1.3094373253e-314,0.0,0.0,0.0,-3.166060276e-315,0.0,2.0881150642091666e-112,-2.930901042489707e-225,0.07269783184559579,-0.005623954172614291,0.07269783184560084,-0.0056239541726160565
162.0,0.07181724660804899,-0.005095498657243712,2.0,1.8088505816880397e-124,-1.5387246889274823e-249,-4.203598039724002e-123,8.87493523488944e-248,-5.8631963041620595e-126,5.0332333729872895e-253,3.1710977497e-314,0.0,0.0,0.0,7.59244353e-315,0.0,-2.4157375330453117e-124,-2.2613714068110042e-250,0.07181724660804592,-0.0050954986572431926,0.07181724660804899,-0.005095498657243712
163.0,0.07089318811419713,-0.0045824544357477015,2.0,-6.895647460462825e-137,1.5693533622889679e-274,1.082216290946059e-135,1.7279838573452318e-271,1.9543988193139205e-138,-3.6213411405302037e-277,-7.682376062e-314,0.0,0.0,0.0,-1.842932972e-314,0.0,1.2368896670877062e-136,-3.840014305630623e-274,0.07089318811419713,-0.0045824544357477015,0.07089318811419526,-0.004582454435747321
164.0,0.06992127438062147,-0.00408497856959045,2.0,6.562760177303152e-149,2.246125232721192e-300,-1.319278346347863e-147,-4.394066476204717e-297,-2.2772564738612806e-150,-3.7344004485742277e-302,2.7150777673e-314,0.0,0.0,0.0,4.5116758e-314,0.0,-9.923612089793605e-149,1.6051281120498823e-299,0.06992127438061792,-0.004084978569588669,0.06992127438062147,-0.00408497856959045
165.0,0.06889629439166398,-0.0036032677814512785,2.0,-4.469907892977534e-162,-5.0e-324,-3.5332541626590916e-161,-2.307e-321,1.4001799784088339e-164,0.0,-6.558537219e-314,0.0,0.0,0.0,5.2827571083e-314,0.0,1.5127277785780773e-161,-1.0e-323,0.06889629439166407,-0.003603267781450955,0.06889629439166398,-0.0036032677814512785
166.0,0.06781196527228422,-0.0031375651073522947,2.0,2.875698900505739e-174,0.0,6.128072984457581e-173,0.0,3.280880406428571e-175,0.0,-5.199039387e-315,0.0,0.0,0.0,3.6302902986e-314,0.0,-1.2760026214311917e-173,0.0,0.06781196527228422,-0.0031375651073522947,0.06781196527227894,-0.0031375651073510917
167.0,0.06666058880944464,-0.002688168639151592,2.0,4.014205561838478e-187,0.0,2.196719670421467e-185,0.0,5.825458569975711e-188,0.0,1.1862536967e-314,0.0,0.0,0.0,7.946160284e-314,0.0,-2.801938355129422e-186,0.0,0.06666058880943357,-0.002688168639148255,0.06666058880944464,-0.002688168639151592
168.0,0.06543255089819629,-0.002255443269452216,2.0,4.632859764320175e-201,0.0,-3.2615332740814026e-198,0.0,7.867588635479438e-201,0.0,-2.8136233495e-314,0.0,0.0,0.0,-2.249162686e-314,0.0,-4.30988325503614e-199,0.0,0.06543255089819473,-0.002255443269451342,0.06543255089819629,-0.002255443269452216
169.0,0.0641155657210993,-0.0018398368917733057,2.0,-9.22284994568983e-213,0.0,-3.106399092098854e-210,0.0,6.140907251287717e-213,0.0,6.816344837e-314,0.0,0.0,0.0,5.4633507776e-314,0.0,-4.755555340417234e-211,0.0,0.0641155657210985,-0.001839836891772775,0.0641155657210993,-0.0018398368917733057
170.0,0.06269348431274094,-0.0014419034762240372,2.0,-6.310596320346439e-226,0.0,-1.706271796099064e-223,0.0,1.9383812012075368e-225,0.0,1.2285932026e-314,0.0,0.0,0.0,4.4733073294e-314,0.0,-9.161000500997301e-224,0.0,0.06269348431274094,-0.0014419034762240372,0.06269348431273929,-0.0014419034762236992
171.0,0.061144313620582626,-0.0010623372787706437,2.0,-2.2876170618642302e-237,0.0,-4.453591596535164e-235,0.0,1.1309383134549124e-237,0.0,-2.9859254545e-314,0.0,0.0,0.0,7.133375284e-314,0.0,-6.20756739566576e-236,0.0,0.06114431362057977,-0.001062337278769859,0.061144313620582626,-0.0010623372787706437
171.99999999999997,0.059436691380501755,-0.0007020262051294826,2.0,-3.682740079673342e-251,0.0,1.726164818210271e-247,0.0,-6.890900252172283e-251,0.0,7.2401953375e-314,0.0,0.0,0.0,1.0132516044e-314,0.0,7.240950391704121e-249,0.0,0.059436691380501866,-0.0007020262051292282,0.059436691380501755,-0.0007020262051294826
172.99999999999997,0.05752302293205365,-0.0003621408343232203,2.0,-7.922072876953488e-264,0.0,-2.8491090026728956e-260,0.0,-4.219615532381463e-263,0.0,1.1558910945e-314,0.0,0.0,0.0,-2.4154503866e-314,0.0,-4.356865582224732e-263,0.0,0.057523022932050395,-0.0003621408343228234,0.05752302293205365,-0.0003621408343232203
173.99999999999997,0.05532433106419491,-4.4297341305754844e-5,2.0,-7.968317568780618e-276,0.0,-1.3863704120178231e-272,0.0,-6.766846669821985e-275,0.0,-2.7992486607e-314,0.0,0.0,0.0,5.8668568185e-314,0.0,-3.0379687001152754e-274,0.0,0.05532433106419262,-4.429734130553963e-5,0.05532433106419491,-4.4297341305754844e-5
174.99999999999997,0.0,0.0,2.0,8.3587532119529e-288,0.0,1.3848046215418202e-284,0.0,7.217224620628417e-287,0.0,6.760193635e-314,0.0,0.0,0.0,5.1700668693e-314,0.0,3.051973167696769e-286,0.0,0.05268978673535901,0.0002490999034249085,0.05268978673534212,0.0002490999034262346
176.0,0.0,0.0,2.0,4.5836698336970515e-300,0.0,4.542268944876562e-297,0.0,3.368605932809996e-299,0.0,3.209297797e-314,0.0,0.0,0.0,7.0724229583e-314,0.0,1.653252299789631e-298,0.0,0.04924487033915144,0.0005139476659104876,0.049244870339139296,0.0005139476659111496
177.0,-1.983585540143825e-309,0.0,2.0,-1.848588305783e-312,0.0,-1.983585540143825e-309,0.0,-1.7379546204533e-311,0.0,-7.7612239065e-314,0.0,0.0,0.0,2.9039917343e-314,0.0,-8.0460862058015e-311,0.0,0.042706583425292745,0.0007401091097246596,0.0427065834252838,0.0007401091097247581
178.0,-1.2016217570276215e-10,-8.71891503895423e-23,1.0,-5.872047102e-314,0.0,-8.7464497513e-314,0.0,3.041339124e-314,0.0,-1.436726348e-314,0.0,0.0,0.0,-7.0851848315e-314,0.0,-1.9962457873e-314,0.0,-1.2016217024903875e-10,-8.718914108196089e-23,-1.2016217570276215e-10,-8.71891503895423e-23
179.0,-7.349790102484781e-19,-3.242859172266023e-39,1.0,-6.4678647036e-314,0.0,5.875095887e-315,0.0,-7.347877342e-314,0.0,3.390026335e-314,0.0,0.0,0.0,-3.4418629715e-314,0.0,4.905939179e-314,0.0,-7.349776721016875e-19,-3.242469441547053e-39,-7.349790102484781e-19,-3.242859172266023e-39
180.0,1.3978151815721084e-31,-8.039055700713187e-64,1.0,-5.2718404907e-314,0.0,-1.5479857026e-314,0.0,-3.150492881e-314,0.0,-8.191305478e-314,0.0,0.0,0.0,8.3229417107e-314,0.0,9.187861046e-314,0.0,1.316403967700326e-31,-7.730338974768371e-64,1.3978151815721084e-31,-8.039055700713187e-64
181.0,-8.6776191935e-314,0.0,1.0,-8.6776191935e-314,0.0,3.7830261817e-314,0.0,7.6087955274e-314,0.0,-1.4475860145e-314,0.0,0.0,0.0,1.285015745e-314,0.0,-1.0011760783e-314,0.0,-9.321720131150335e-45,1.0521591170248469e-89,-1.1629955592197086e-44,9.279007575388632e-91
182.0,7.1622719850388e-58,-4.0024867278289976e-117,1.0,-6.886694324e-315,0.0,-9.2126787046e-314,0.0,3.220465601e-314,0.0,3.41267997e-314,0.0,0.0,0.0,-3.140433954e-314,0.0,2.5290174533e-314,0.0,2.661738327964276e-57,1.7951198337415896e-115,7.1622719850388e-58,-4.0024867278289976e-117
183.0,-1.989924663324945e-70,-6.451867411866137e-142,1.0,1.739213775e-314,0.0,2.50622839e-315,0.0,-7.761359833e-314,0.0,-8.2395489143e-314,0.0,0.0,0.0,7.6149113373e-314,0.0,-6.1436646484e-314,0.0,-1.2712748743053283e-69,9.416845563322129e-141,-1.989924663324945e-70,-6.451867411866137e-142
184.0,-2.2431105650710463e-82,-1.4525409216192343e-165,1.0,-4.352405765e-314,0.0,-5.72312955e-315,0.0,-3.6043980014e-314,0.0,-2.422193364e-314,0.0,0.0,0.0,4.0878049843e-314,0.0,-7.593288923e-314,0.0,-2.2431105650710463e-82,-1.4525409216192343e-165,8.455518198001194e-83,1.5695027618567102e-166
185.0,-2.2853540304308506e-95,-2.0593833485908895e-191,1.0,1.0645794857e-313,0.0,1.350855716e-314,0.0,8.726582605e-314,0.0,5.810549438e-314,0.0,0.0,0.0,-9.9925650384e-314,0.0,-4.3407709828e-314,0.0,-1.5277921068179634e-95,2.901372344324437e-191,-2.2853540304308506e-95,-2.0593833485908895e-191
186.0,5.679139199248831e-109,-1.2806543258438851e-216,1.0,-2.6041131864e-314,0.0,-3.2610437987e-314,0.0,2.1262511453e-314,0.0,9.150381553e-314,0.0,0.0,0.0,9.775477563e-315,0.0,1.04925809263e-313,0.0,5.679139199248831e-109,-1.2806543258438851e-216,4.639915273613091e-108,-1.0637332086585622e-216
187.0,-1.966986390067977e-120,-1.1040398579418364e-241,1.0,6.318002497e-314,0.0,7.9700723685e-314,0.0,-5.1778740023e-314,0.0,1.4586976285e-314,0.0,0.0,0.0,-2.282198228e-314,0.0,-1.789335168e-314,0.0,-1.7852870368932828e-120,1.952190815788011e-242,-1.966986390067977e-120,-1.1040398579418364e-241
188.0,-2.3129038469750935e-134,-3.311965950053948e-269,1.0,8.5786769926e-314,0.0,4.6521327772e-314,0.0,-1.1459850264e-313,0.0,-3.518730577e-314,0.0,0.0,0.0,5.484753376e-314,0.0,4.2398309464e-314,0.0,-2.3129038469750935e-134,-3.311965950053948e-269,3.197433291156109e-133,4.516355297978809e-268
189.0,-1.5465787096893197e-146,-2.3033364641617852e-293,1.0,3.5685398043e-314,0.0,-1.1272650611e-313,0.0,3.4303083867e-314,0.0,8.4845771054e-314,0.0,0.0,0.0,1.10715566056e-313,0.0,-1.0267097336e-313,0.0,-1.5465787096893197e-146,-2.3033364641617852e-293,-4.700660589472995e-146,4.122829373972989e-293
190.0,2.4185856972684302e-160,-4.2528e-319,1.0,-8.705765518e-314,0.0,2.6574772465e-314,0.0,-8.342570171e-314,0.0,4.117130523e-314,0.0,0.0,0.0,-2.0540864437e-314,0.0,9.589445e-316,0.0,1.1592531445527994e-159,-3.89166e-319,2.4185856972684302e-160,-4.2528e-319
191.0,-7.122505497283211e-172,0.0,1.0,-4.0450368547e-314,0.0,-6.442443819e-314,0.0,-4.963620129e-314,0.0,-9.957517647e-314,0.0,0.0,0.0,4.9088210174e-314,0.0,-1.06901088e-315,0.0,6.012727456946685e-172,0.0,-7.122505497283211e-172,0.0
192.0,-2.5894630273765066e-184,0.0,1.0,9.77757799e-314,0.0,-9.9703270014e-314,0.0,1.2066698738e-313,0.0,-1.48434532e-314,0.0,0.0,0.0,-1.1932364046e-313,0.0,3.16264804e-315,0.0,5.550438361945347e-185,0.0,-2.5894630273765066e-184,0.0
193.0,-9.612557368210122e-197,0.0,1.0,2.2440966036e-314,0.0,-1.814258812e-314,0.0,-3.226669656e-314,0.0,3.6037925417e-314,0.0,0.0,0.0,3.01285765e-314,0.0,-7.580499307e-315,0.0,-9.612557368210122e-197,0.0,2.424974386849373e-197,0.0
194.0,-1.8365787643667684e-209,0.0,1.0,-5.45790841e-314,0.0,4.354757233e-314,0.0,7.720080987e-314,0.0,-8.718958417e-314,0.0,0.0,0.0,-7.333643073e-314,0.0,1.7257677753e-314,0.0,-1.8365787643667684e-209,0.0,-1.7831898467979668e-209,0.0
195.0,-9.593864276391845e-222,0.0,1.0,1.3388565101e-313,0.0,-1.0482913523e-313,0.0,8.083152687e-314,0.0,-5.520141829e-314,0.0,0.0,0.0,-9.0770904315e-314,0.0,-4.089932951e-314,0.0,-6.520101935411933e-222,0.0,-9.593864276391845e-222,0.0
196.0,-2.530125023520253e-235,0.0,1.0,-5.4925451715e-314,0.0,-1.700199817e-314,0.0,7.6946332136e-314,0.0,1.33279662767e-313,0.0,0.0,0.0,-5.057574731e-314,0.0,9.899798187e-314,0.0,-2.530125023520253e-235,0.0,2.466871897932247e-234,0.0
197.0,-4.654291979e-314,0.0,1.0,1.34189007895e-313,0.0,4.036761878e-314,0.0,8.849070402e-314,0.0,-4.654291979e-314,0.0,0.0,0.0,1.23107968097e-313,0.0,3.690014654e-314,0.0,1.2445709135648778e-247,0.0,2.929432974609733e-247,0.0
198.0,-1.2878137995129706e-260,0.0,1.0,-4.516789913e-314,0.0,-9.7832589457e-314,0.0,6.481138875e-314,0.0,1.1244798629e-313,0.0,0.0,0.0,-1.870827163e-314,0.0,-9.007585368e-314,0.0,2.1188245366332515e-260,0.0,-1.2878137995129706e-260,0.0
199.0,-9.99992354888715e-274,0.0,1.0,1.09925305334e-313,0.0,-4.8065111174e-314,0.0,1.28387640105e-313,0.0,1.2747175033e-314,0.0,0.0,0.0,4.565877054e-314,0.0,-6.541937082e-314,0.0,-9.99992354888715e-274,0.0,-2.0038757306135727e-274,0.0
200.0,-1.30908820095e-313,0.0,1.0,2.2402717543e-314,0.0,1.16951889296e-313,0.0,-2.3083745846e-314,0.0,-3.071669302e-314,0.0,0.0,0.0,-1.1226345449e-313,0.0,-1.30908820095e-313,0.0,7.836099320629302e-286,0.0,1.6326142459921436e-286,0.0
201.0,-5.5675177597e-314,0.0,1.0,-5.5675177597e-314,0.0,8.47034003e-315,0.0,5.654614938e-314,0.0,7.372048712e-314,0.0,0.0,0.0,-1.9601745026e-314,0.0,2.43320163e-314,0.0,9.949794271043802e-300,0.0,1.4173274651721248e-299,0.0
202.0,-1.36691877847e-313,0.0,1.0,1.3573343307e-313,0.0,-2.0984615525e-314,0.0,-1.36691877847e-313,0.0,1.19000279747e-313,0.0,0.0,0.0,4.6895638136e-314,0.0,-5.9023847847e-314,0.0,-1.03152104845e-313,0.0,5.94993300416e-313,0.0
203.0,-1.14031029066e-313,0.0,1.0,-2.653176627e-314,0.0,5.075994949e-314,0.0,2.975787383e-314,0.0,1.4479167747e-314,0.0,0.0,0.0,-1.14031029066e-313,0.0,1.4453516211e-313,0.0,1.3942922421e-313,0.0,1.4031209394e-314,0.0
203.99999999999997,-1.22723304277e-313,0.0,1.0,6.35844201e-314,0.0,-1.22723304277e-313,0.0,-7.39590931e-314,0.0,-3.483437861e-314,0.0,0.0,0.0,-3.0323045355e-314,0.0,-4.570491806e-314,0.0,-3.1014241865e-314,0.0,-3.5149214303e-314,0.0
204.99999999999997,-1.54821809466e-313,0.0,1.0,-1.54821809466e-313,0.0,-1.441526403e-314,0.0,-1.31261208533e-313,0.0,8.351133665e-314,0.0,0.0,0.0,7.520075428e-314,0.0,1.1090406232e-313,0.0,7.4555322233e-314,0.0,8.502998962e-314,0.0
205.99999999999997,0.0,0.0,1.0,6.079429939e-314,0.0,3.4384288007e-314,0.0,2.419717286e-315,0.0,1.13263718884e-313,0.0,0.0,0.0,1.3298021963e-313,0.0,4.637977906e-314,0.0,1.34878821885e-313,0.0,1.0996763418e-313,0.0
206.99999999999997,-1.4694267425e-313,0.0,1.0,-1.4694267425e-313,0.0,-8.201225561e-314,0.0,-5.13930043e-315,0.0,4.4603808023e-314,0.0,0.0,0.0,-2.044782063e-315,0.0,-1.1226315647e-313,0.0,-5.70299498e-315,0.0,5.4906604306e-314,0.0
208.0,-1.34168741317e-313,0.0,1.0,3.16989197e-314,0.0,-1.2682939618e-313,0.0,1.174409796e-314,0.0,-1.06904376134e-313,0.0,0.0,0.0,4.11038219e-315,0.0,-5.3820416403e-314,0.0,1.206365723e-314,0.0,-1.34168741317e-313,0.0
209.0,-7.623731712e-314,0.0,1.0,-7.623731712e-314,0.0,-2.2798143334e-314,0.0,-2.793114041e-314,0.0,-7.058684378e-314,0.0,0.0,0.0,-9.06233441e-315,0.0,1.3105882284e-313,0.0,-2.982020899e-314,0.0,-5.032288274e-315,0.0
210.0,-1.63172728294e-313,0.0,1.0,-1.51129720575e-313,0.0,5.450329084e-314,0.0,6.7719942886e-314,0.0,-1.63172728294e-313,0.0,0.0,0.0,2.1074047894e-314,0.0,1.80745785e-314,0.0,7.2500253817e-314,0.0,1.3922151463e-314,0.0
211.0,-1.6578079862e-313,0.0,1.0,2.8015940086e-314,0.0,-1.3081512478e-313,0.0,-1.6578079862e-313,0.0,5.5381747796e-314,0.0,0.0,0.0,-5.0468216554e-314,0.0,-4.3809440227e-314,0.0,1.6405540101e-313,0.0,-3.354076732e-314,0.0
212.0,-1.3358567314e-313,0.0,1.0,-6.8962965693e-314,0.0,-2.66083145e-314,0.0,5.9922070905e-314,0.0,-1.3358567314e-313,0.0,0.0,0.0,1.2280872306e-313,0.0,1.05659004505e-313,0.0,-5.3517912998e-314,0.0,8.0159480776e-314,0.0
213.0,-1.45777554093e-313,0.0,1.0,1.67185159024e-313,0.0,6.378514922e-314,0.0,-1.45777554093e-313,0.0,-2.6637759723e-314,0.0,0.0,0.0,5.162203958e-314,0.0,9.1996258607e-314,0.0,1.3018711906e-313,0.0,1.5520305643e-313,0.0
214.0,-1.55128740747e-313,0.0,1.0,-5.256280397e-314,0.0,-1.55128740747e-313,0.0,-1.961770012e-315,0.0,6.4954081786e-314,0.0,0.0,0.0,-1.24657030946e-313,0.0,1.31646889645e-313,0.0,3.8673917884e-314,0.0,-2.177370507e-314,0.0
215.0,-1.57768717775e-313,0.0,1.0,1.281922458e-313,0.0,1.7431276546e-314,0.0,-1.989400174e-315,0.0,-1.57768717775e-313,0.0,0.0,0.0,-5.699149604e-314,0.0,4.079879783e-314,0.0,-9.5738062444e-314,0.0,5.1951792276e-314,0.0
216.0,-1.3115977492e-313,0.0,1.0,5.1990346407e-314,0.0,-4.2296532643e-314,0.0,-2.01728856e-315,0.0,1.8359239e-314,0.0,0.0,0.0,1.387504735e-313,0.0,-9.8978748135e-314,0.0,-1.3115977492e-313,0.0,-1.26164135447e-313,0.0
217.0,-1.29415669643e-313,0.0,1.0,-1.24593989745e-313,0.0,1.0349968915e-313,0.0,-2.04543637e-315,0.0,-4.4048265473e-314,0.0,0.0,0.0,3.284514348e-314,0.0,-1.29415669643e-313,0.0,-5.2204057486e-314,0.0,-6.4037241983e-314,0.0
218.0,-8.1110567534e-314,0.0,1.0,-7.206391154e-314,0.0,1.2363563494e-313,0.0,-2.0738448e-315,0.0,1.0718101457e-313,0.0,0.0,0.0,-8.1110567534e-314,0.0,-6.2056882815e-314,0.0,1.26781813946e-313,0.0,1.55492458373e-313,0.0
219.0,-1.83147656517e-313,0.0,1.0,1.75140482103e-313,0.0,7.9940316403e-314,0.0,-2.102515066e-315,0.0,1.20648988423e-313,0.0,0.0,0.0,-1.83147656517e-313,0.0,1.51376698196e-313,0.0,7.1522214973e-314,0.0,1.27750021e-315,0.0
220.0,-1.73243260033e-313,0.0,1.0,-4.0263495785e-314,0.0,1.9219231157e-313,0.0,-2.131448356e-315,0.0,9.1612485993e-314,0.0,0.0,0.0,6.0439164827e-314,0.0,1.881685949e-314,0.0,-1.73243260033e-313,0.0,-3.58228389e-315,0.0
221.0,-1.48505553673e-313,0.0,1.0,9.815446875e-314,0.0,-7.8589817836e-314,0.0,-2.160645876e-315,0.0,1.6675907943e-313,0.0,0.0,0.0,-1.48505553673e-313,0.0,-4.4808056026e-314,0.0,2.9744187506e-314,0.0,7.94051101e-315,0.0
222.0,-7.1550115275e-314,0.0,1.0,1.5862734743e-313,0.0,1.91633771454e-313,0.0,-2.190108824e-315,0.0,-9.25464316e-315,0.0,0.0,0.0,-3.3626966616e-314,0.0,1.0668680961e-313,0.0,-7.1550115275e-314,0.0,-1.9942226586e-314,0.0
223.0,-6.3450287653e-314,0.0,1.0,1.4490944177e-314,0.0,-6.3450287653e-314,0.0,-2.21983841e-315,0.0,2.4080141473e-314,0.0,0.0,0.0,8.098203548e-314,0.0,1.43156675183e-313,0.0,1.74299429456e-313,0.0,4.816998104e-314,0.0
224.0,-1.9750306792e-313,0.0,1.0,-3.4253948025e-314,0.0,1.53916960785e-313,0.0,-2.24983582e-315,0.0,-5.7773959637e-314,0.0,0.0,0.0,-1.9750306792e-313,0.0,5.9608144494e-314,0.0,-1.7166593026e-314,0.0,-1.1569974442e-313,0.0
225.0,-1.43843298344e-313,0.0,1.0,8.268377065e-314,0.0,3.909632503e-314,0.0,-2.28010227e-315,0.0,1.3884251246e-313,0.0,0.0,0.0,6.8994738234e-314,0.0,-1.43843298344e-313,0.0,4.2277944955e-314,0.0,-1.3086797426e-313,0.0
226.0,-2.0171430357e-313,0.0,1.0,-2.0171430357e-313,0.0,-9.7233817047e-314,0.0,-2.31063895e-315,0.0,7.9822512694e-314,0.0,0.0,0.0,-1.6689941994e-313,0.0,-6.878298821e-314,0.0,-1.0435298222e-313,0.0,-9.939208407e-314,0.0
227.0,-1.93003845954e-313,0.0,1.0,6.79907171e-314,0.0,-1.8604510184e-313,0.0,-2.341447065e-315,0.0,-1.93003845954e-313,0.0,0.0,0.0,-1.7704150796e-314,0.0,1.67392935574e-313,0.0,-1.69283971577e-313,0.0,-1.82267491943e-313,0.0
228.0,-1.6410493494e-313,0.0,1.0,-1.6410493494e-313,0.0,2.1984182183e-314,0.0,-2.372527816e-315,0.0,3.862288031e-314,0.0,0.0,0.0,4.1479962865e-314,0.0,2.238817952e-314,0.0,-1.845241502e-314,0.0,1.26494782e-314,0.0
229.0,-9.956318007e-314,0.0,1.0,-3.6404411406e-314,0.0,-5.216170271e-314,0.0,-2.40388241e-315,0.0,-9.2531393356e-314,0.0,0.0,0.0,-9.956318007e-314,0.0,-5.539813492e-314,0.0,4.641139672e-314,0.0,-2.9149523766e-314,0.0
230.0,-2.156645202e-313,0.0,1.0,8.805110381e-314,0.0,1.2605868647e-313,0.0,-2.435512036e-315,0.0,-2.156645202e-313,0.0,0.0,0.0,-1.98390209303e-313,0.0,1.33369931465e-313,0.0,-1.1209127913e-313,0.0,6.949123613e-314,0.0
231.0,-2.15007074926e-313,0.0,1.0,-2.15007074926e-313,0.0,1.3844725076e-313,0.0,-2.467417906e-315,0.0,7.6450359426e-314,0.0,0.0,0.0,3.400850244e-314,0.0,1.2322473073e-313,0.0,-1.7458607414e-313,0.0,-1.68500342697e-313,0.0
232.0,-1.85077927705e-313,0.0,1.0,7.202116036e-314,0.0,1.16696903093e-313,0.0,-2.499601214e-315,0.0,-1.85077927705e-313,0.0,0.0,0.0,-8.0836264645e-314,0.0,1.5088361777e-313,0.0,-2.921478883e-314,0.0,-4.3790343073e-314,0.0
233.0,-1.74370798666e-313,0.0,1.0,-1.74370798666e-313,0.0,1.7276410147e-313,0.0,-2.532063164e-315,0.0,-9.44687907e-315,0.0,0.0,0.0,1.9568144118e-313,0.0,9.2598319296e-314,0.0,7.0037229e-314,0.0,1.05317952704e-313,0.0
234.0,-2.26478449054e-313,0.0,1.0,-3.9923954635e-314,0.0,4.4761083575e-314,0.0,-2.564804954e-315,0.0,2.499069744e-314,0.0,0.0,0.0,-1.053546604e-314,0.0,-2.26478449054e-313,0.0,-1.6833755225e-313,0.0,2.0941811032e-313,0.0
234.99999999999997,-1.08629075733e-313,0.0,1.0,9.5545091184e-314,0.0,-1.08629075733e-313,0.0,-2.597827793e-315,0.0,-5.9890309366e-314,0.0,0.0,0.0,2.419284104e-314,0.0,8.2451335785e-314,0.0,-5.997522738e-314,0.0,-3.884827743e-314,0.0
235.99999999999997,-2.32160546566e-313,0.0,1.0,-2.32160546566e-313,0.0,-2.10178936345e-313,0.0,-2.631132877e-315,0.0,1.4340157783e-313,0.0,0.0,0.0,-5.751885497e-314,0.0,-2.0015695333e-313,0.0,1.43825315777e-313,0.0,9.4737926617e-314,0.0
236.99999999999997,-2.28475320755e-313,0.0,1.0,8.2598441054e-314,0.0,2.825576718e-314,0.0,-2.6647214e-315,0.0,1.3373011488e-313,0.0,0.0,0.0,1.39213146077e-313,0.0,5.445897513e-315,0.0,1.32281324597e-313,0.0,-2.28475320755e-313,0.0
237.99999999999997,-2.02787321343e-313,0.0,1.0,-2.02787321343e-313,0.0,-7.0553340675e-314,0.0,-2.698594576e-315,0.0,1.62424843117e-313,0.0,0.0,0.0,1.5204450686e-313,0.0,5.5151242e-315,0.0,1.66770636584e-313,0.0,6.687664363e-314,0.0
238.99999999999997,-1.6166135543e-313,0.0,1.0,8.42420814e-316,0.0,1.71076559496e-313,0.0,-2.7327536e-315,0.0,9.973005931e-314,0.0,0.0,0.0,1.2310107886e-313,0.0,-1.2772353043e-314,0.0,8.808776125e-314,0.0,-1.6166135543e-313,0.0
240.0,-2.4217778976e-313,0.0,1.0,-8.3765405e-316,0.0,8.4526613624e-314,0.0,-2.767199667e-315,0.0,-2.4217778976e-313,0.0,0.0,0.0,2.01325900923e-313,0.0,2.813014895e-314,0.0,-2.12423143035e-313,0.0,-1.0819454199e-313,0.0
241.0,-2.4340632969e-313,0.0,1.0,2.348803406e-315,0.0,-2.04335921296e-313,0.0,-2.80193399e-315,0.0,8.166928352e-314,0.0,0.0,0.0,2.025116226e-314,0.0,-6.5246752446e-314,0.0,7.03286109e-315,0.0,-2.4340632969e-313,0.0
242.0,-1.99717513963e-313,0.0,1.0,2.37816311e-315,0.0,-1.865239963e-314,0.0,-2.836957764e-315,0.0,-1.99717513963e-313,0.0,0.0,0.0,-4.8778184925e-314,0.0,1.55982434134e-313,0.0,-1.4244028823e-314,0.0,7.56382012e-314,0.0
243.0,-1.81856747736e-313,0.0,1.0,2.40776646e-315,0.0,4.415311147e-314,0.0,-2.87227219e-315,0.0,-3.342629109e-314,0.0,0.0,0.0,1.16563843665e-313,0.0,1.40944464974e-313,0.0,3.5539050077e-314,0.0,-1.81856747736e-313,0.0
244.0,-1.0429961203e-313,0.0,1.0,2.43761447e-315,0.0,-1.0429961203e-313,0.0,-2.90787846e-315,0.0,8.09706924e-314,0.0,0.0,0.0,2.43291326225e-313,0.0,1.8301037306e-313,0.0,-8.6331230347e-314,0.0,-8.3205677886e-314,0.0
245.0,-1.97878083033e-313,0.0,1.0,2.467708135e-315,0.0,2.51586023954e-313,0.0,-2.943777795e-315,0.0,-1.97878083033e-313,0.0,0.0,0.0,-5.7020765433e-314,0.0,8.753486787e-314,0.0,2.0885467901e-313,0.0,2.0008492667e-313,0.0
246.0,-2.1152361577e-313,0.0,1.0,2.498048474e-315,0.0,-7.0083677174e-314,0.0,-2.97997138e-315,0.0,-5.7646932405e-314,0.0,0.0,0.0,1.37618591586e-313,0.0,-2.1152361577e-313,0.0,3.3608783953e-314,0.0,5.1990286966e-314,0.0
247.0,-1.23822337224e-313,0.0,1.0,2.528636483e-315,0.0,1.68845522535e-313,0.0,-3.016460425e-315,0.0,1.4035208151e-313,0.0,0.0,0.0,2.10146650074e-313,0.0,-3.4029284884e-314,0.0,-8.056174434e-314,0.0,-1.23822337224e-313,0.0
248.0,-2.52535345456e-313,0.0,1.0,2.559473175e-315,0.0,1.40829741103e-313,0.0,-3.05324612e-315,0.0,2.1305298194e-313,0.0,0.0,0.0,4.1825726684e-314,0.0,8.196379988e-314,0.0,1.93371331344e-313,0.0,-2.52535345456e-313,0.0
249.0,-1.97323498896e-313,0.0,1.0,2.59055956e-315,0.0,2.185440247e-313,0.0,-3.09032968e-315,0.0,3.983921891e-314,0.0,0.0,0.0,-9.9974952093e-314,0.0,-1.97323498896e-313,0.0,8.856873866e-314,0.0,5.338092786e-314,0.0
250.0,-2.13535746005e-313,0.0,1.0,2.621896636e-315,0.0,3.592466774e-314,0.0,-3.1277123e-315,0.0,-9.5281408665e-314,0.0,0.0,0.0,2.4257563955e-313,0.0,-8.5074761884e-314,0.0,-2.13535746005e-313,0.0,-1.2919790594e-313,0.0
251.0,-2.57097270157e-313,0.0,1.0,2.65348541e-315,0.0,-8.9268729403e-314,0.0,-3.16539518e-315,0.0,2.3132165774e-313,0.0,0.0,0.0,-1.6027702113e-314,0.0,2.040279135e-313,0.0,-5.6579336696e-314,0.0,-2.57097270157e-313,0.0
252.0,-9.432975117e-315,0.0,1.0,-9.432975117e-315,0.0,2.1638690447e-313,0.0,-3.20337952e-315,0.0,1.8143048415e-314,0.0,0.0,0.0,3.8396588067e-314,0.0,8.33354806e-314,0.0,1.37052849515e-313,0.0,4.5028090316e-314,0.0
253.0,-2.00600098885e-313,0.0,1.0,2.211451039e-314,0.0,6.027446402e-314,0.0,-3.24166652e-315,0.0,-4.5021036545e-314,0.0,0.0,0.0,-9.34950704e-314,0.0,-2.00600098885e-313,0.0,2.54113993563e-313,0.0,-1.0808420936e-313,0.0
254.0,-1.44078465583e-313,0.0,1.0,-5.0406900577e-314,0.0,-1.44078465583e-313,0.0,-3.280257384e-315,0.0,1.1134678195e-313,0.0,0.0,0.0,2.29281608474e-313,0.0,-1.04761319677e-313,0.0,-2.156560984e-314,0.0,2.6016879427e-313,0.0
255.0,-2.7010612372e-313,0.0,1.0,1.19109537394e-313,0.0,-2.5096110758e-313,0.0,-3.319153315e-315,0.0,-2.7010612372e-313,0.0,0.0,0.0,4.144584651e-314,0.0,2.52084210137e-313,0.0,4.967690014e-314,0.0,-2.846104356e-314,0.0
256.0,-2.87359472573e-313,0.0,1.0,-2.87359472573e-313,0.0,-5.72272745e-316,0.0,-3.35835551e-315,0.0,4.5047709544e-314,0.0,0.0,0.0,-9.8742375386e-314,0.0,-1.424731233e-315,0.0,-1.18114736523e-313,0.0,6.598569107e-314,0.0
257.0,-1.57445208086e-313,0.0,1.0,8.110007183e-314,0.0,4.617596932e-315,0.0,-3.39786517e-315,0.0,-1.05739648197e-313,0.0,0.0,0.0,2.3903875735e-313,0.0,4.17978308e-315,0.0,2.8571171972e-313,0.0,-1.57445208086e-313,0.0
258.0,-2.40149006015e-313,0.0,1.0,-1.95891363115e-313,0.0,4.67170885e-315,0.0,-3.4376835e-315,0.0,2.54029185223e-313,0.0,0.0,0.0,4.3249005e-314,0.0,4.22876442e-315,0.0,-7.061938793e-314,0.0,-2.40149006015e-313,0.0
259.0,-1.5629212996e-313,0.0,1.0,-1.5629212996e-313,0.0,4.72624187e-315,0.0,-3.4778117e-315,0.0,1.122222868e-314,0.0,0.0,0.0,-1.08176212113e-313,0.0,4.27812693e-315,0.0,1.70978883375e-313,0.0,-4.8647087595e-314,0.0
260.0,-2.5568159823e-313,0.0,1.0,-2.5568159823e-313,0.0,-1.055530941e-314,0.0,-3.51825097e-315,0.0,-2.8379206e-314,0.0,0.0,0.0,2.63372346453e-313,0.0,-8.91892721e-315,0.0,2.24137708655e-313,0.0,1.17197410816e-313,0.0
261.0,-2.82645556807e-313,0.0,1.0,-2.501191421e-314,0.0,2.693442984e-314,0.0,-3.559002507e-315,0.0,6.8535327035e-314,0.0,0.0,0.0,6.858302357e-315,0.0,2.2112419184e-314,0.0,9.715622192e-314,0.0,-2.82645556807e-313,0.0
262.0,-2.3451536314e-313,0.0,1.0,6.371319599e-314,0.0,-6.515632592e-314,0.0,-3.60006752e-315,0.0,-1.64071899114e-313,0.0,0.0,0.0,6.93743584e-315,0.0,-5.239798067e-314,0.0,-2.3451536314e-313,0.0,3.242053893e-314,0.0
263.0,-2.6043614802e-313,0.0,1.0,-1.541392014e-313,0.0,1.56295549897e-313,0.0,-3.6414472e-315,0.0,-2.6043614802e-313,0.0,0.0,0.0,-2.037657807e-314,0.0,1.2354308988e-313,0.0,-9.2335450197e-314,0.0,-7.583107627e-314,0.0
264.0,-2.97475721555e-313,0.0,1.0,-2.9300508237e-313,0.0,2.86371053844e-313,0.0,-3.68314276e-315,0.0,-3.7635936253e-314,0.0,0.0,0.0,4.883446244e-314,0.0,-2.97475721555e-313,0.0,2.24200743626e-313,0.0,1.82040194375e-313,0.0
265.0,-1.1563227432e-313,0.0,1.0,3.518370429e-314,0.0,-1.7661236585e-314,0.0,-3.72515539e-315,0.0,9.1021500126e-314,0.0,0.0,0.0,-1.1563227432e-313,0.0,4.52142919e-314,0.0,1.28765449406e-313,0.0,2.3123179722e-313,0.0
266.0,-3.1102026087e-313,0.0,1.0,-8.306950088e-314,0.0,3.8713579276e-314,0.0,-3.767486303e-315,0.0,-2.1914861226e-313,0.0,0.0,0.0,2.79195405504e-313,0.0,-1.0684946412e-313,0.0,-3.1102026087e-313,0.0,1.19927825854e-313,0.0
267.0,-2.9000920033e-313,0.0,1.0,2.0055265667e-313,0.0,-8.980601169e-314,0.0,-3.81013669e-315,0.0,-1.55578358385e-313,0.0,0.0,0.0,1.370537323e-314,0.0,2.57736274535e-313,0.0,6.380875232e-314,0.0,-2.9000920033e-313,0.0
268.0,-3.2185593503e-313,0.0,1.0,2.13418592264e-313,0.0,2.14361044737e-313,0.0,-3.85310775e-315,0.0,-3.2185593503e-313,0.0,0.0,0.0,1.385994366e-314,0.0,7.417128203e-314,0.0,-1.5365726948e-313,0.0,5.15500479e-315,0.0
269.0,-3.3070243153e-313,0.0,1.0,1.84480498936e-313,0.0,1.85193103236e-313,0.0,-3.896400693e-315,0.0,7.63539004e-314,0.0,0.0,0.0,-3.6593350854e-314,0.0,-1.792165597e-313,0.0,-3.3070243153e-313,0.0,-1.011068859e-314,0.0
270.0,-2.78562567426e-313,0.0,1.0,2.6488462134e-313,0.0,2.62265702464e-313,0.0,-3.94001672e-315,0.0,-1.8645857348e-313,0.0,0.0,0.0,8.7489828733e-314,0.0,-2.78562567426e-313,0.0,8.543388081e-314,0.0,2.182960189e-314,0.0
271.0,-2.6942402446e-313,0.0,1.0,7.6253081894e-314,0.0,8.3793721156e-314,0.0,-3.98395702e-315,0.0,-2.6942402446e-313,0.0,0.0,0.0,-2.090754939e-313,0.0,-4.777393566e-314,0.0,-2.03176402333e-313,0.0,-4.997084914e-314,0.0
272.0,-2.3709483668e-313,0.0,1.0,-1.81372030065e-313,0.0,-2.0101963965e-313,0.0,-4.028222807e-315,0.0,-7.42695367e-314,0.0,0.0,0.0,-2.2164620984e-313,0.0,1.1497193889e-313,0.0,-2.3709483668e-313,0.0,1.1846377731e-313,0.0
273.0,-2.98027864405e-313,0.0,1.0,-2.98027864405e-313,0.0,-2.4846838302e-313,0.0,-4.072815275e-315,0.0,1.8079948689e-313,0.0,0.0,0.0,-1.9775615171e-313,0.0,-2.76445059256e-313,0.0,-1.6421790329e-313,0.0,-2.86171053743e-313,0.0
274.0,-3.4598266964e-313,0.0,1.0,-2.362050223e-314,0.0,-1.41277844993e-313,0.0,-4.11773563e-315,0.0,3.08255748014e-313,0.0,0.0,0.0,-2.66312768313e-313,0.0,-7.2295363766e-314,0.0,-3.4598266964e-313,0.0,-5.282278557e-314,0.0
275.0,-1.0948077906e-313,0.0,1.0,6.0127649145e-314,0.0,3.40941128695e-313,0.0,-4.16298507e-315,0.0,2.88221934e-315,0.0,0.0,0.0,-1.0948077906e-313,0.0,1.71216618134e-313,0.0,8.636251015e-314,0.0,1.260927921e-313,0.0
276.0,-3.02181354894e-313,0.0,1.0,-1.4441699992e-313,0.0,-6.3403567235e-314,0.0,-4.208564796e-315,0.0,-4.55976508e-315,0.0,0.0,0.0,2.6467530795e-313,0.0,3.47969316953e-313,0.0,-2.11079231426e-313,0.0,-3.02181354894e-313,0.0
277.0,-2.580149001e-313,0.0,1.0,3.47673882717e-313,0.0,1.51573072427e-313,0.0,-4.25447601e-315,0.0,8.05332535e-315,0.0,0.0,0.0,1.2735183137e-313,0.0,-7.412454435e-314,0.0,-2.580149001e-313,0.0,-3.582500112e-314,0.0
278.0,-3.67496026974e-313,0.0,1.0,-6.210420849e-314,0.0,-3.67496026974e-313,0.0,-4.30071991e-315,0.0,-1.591256354e-314,0.0,0.0,0.0,-3.07561332954e-313,0.0,1.805164477e-313,0.0,-1.52598653416e-313,0.0,8.3334033275e-314,0.0
279.0,-1.994361857e-313,0.0,1.0,1.4746372399e-313,0.0,1.05279611505e-313,0.0,-4.347297704e-315,0.0,3.416762898e-314,0.0,0.0,0.0,-4.29677525e-314,0.0,3.50668203013e-313,0.0,3.67523794204e-313,0.0,-1.994361857e-313,0.0
280.0,-3.5632877234e-313,0.0,1.0,-3.5632877234e-313,0.0,-2.57421954146e-313,0.0,-4.394210585e-315,0.0,-8.4205214663e-314,0.0,0.0,0.0,1.02472655586e-313,0.0,-5.861314317e-314,0.0,-9.653342373e-314,0.0,-3.10947801473e-313,0.0
281.0,-2.4459761524e-313,0.0,1.0,5.91834072e-314,0.0,-1.78185811777e-313,0.0,-4.44145976e-315,0.0,2.0443272847e-313,0.0,0.0,0.0,-2.4459761524e-313,0.0,1.40121467037e-313,0.0,2.3278367768e-313,0.0,-4.6863529067e-314,0.0
281.99999999999994,-3.77688031224e-313,0.0,1.0,-1.4267046743e-313,0.0,-3.77688031224e-313,0.0,-4.489046427e-315,0.0,3.1591908602e-313,0.0,0.0,0.0,-2.19540516585e-313,0.0,-3.362612548e-313,0.0,2.4878746385e-313,0.0,1.1468120446e-313,0.0
282.99999999999994,-2.8664267223e-313,0.0,1.0,3.47800935047e-313,0.0,9.6207969807e-314,0.0,-4.53697179e-315,0.0,5.257573275e-314,0.0,0.0,0.0,-2.8664267223e-313,0.0,-3.49053352e-315,0.0,2.20900595154e-313,0.0,-2.78642034214e-313,0.0
283.99999999999994,-2.33011667263e-313,0.0,1.0,-1.5997504924e-314,0.0,-2.33011667263e-313,0.0,-4.58523704e-315,0.0,-1.2258960618e-313,0.0,0.0,0.0,-1.34793345816e-313,0.0,9.611957694e-315,0.0,2.91684456736e-313,0.0,-1.5176459138e-313,0.0
284.99999999999994,-2.7323943973e-313,0.0,1.0,-1.6167088377e-314,0.0,-2.7323943973e-313,0.0,-4.63384339e-315,0.0,2.933409908e-313,0.0,0.0,0.0,3.2679254639e-313,0.0,9.713850394e-315,0.0,1.3422344384e-313,0.0,3.64974728783e-313,0.0
285.99999999999994,-3.25533006596e-313,0.0,1.0,4.1597785694e-314,0.0,-1.82980892544e-313,0.0,-4.68279204e-315,0.0,1.35445100887e-313,0.0,0.0,0.0,5.545690093e-314,0.0,-2.2284861677e-314,0.0,-3.25533006596e-313,0.0,-3.4084627356e-314,0.0
286.99999999999994,-4.1438513264e-313,0.0,1.0,4.203565355e-314,0.0,-4.1438513264e-313,0.0,-4.732084186e-315,0.0,-3.27204166445e-313,0.0,0.0,0.0,-1.36926404203e-313,0.0,4.8894781823e-314,0.0,-6.4811953665e-314,0.0,7.799255334e-314,0.0
288.0,-1.84900312356e-313,0.0,1.0,-1.0548006755e-313,0.0,1.3934341613e-313,0.0,-4.78172103e-315,0.0,-7.4269657607e-314,0.0,0.0,0.0,3.3077709132e-313,0.0,-1.13348240744e-313,0.0,1.52593546803e-313,0.0,-1.84900312356e-313,0.0
289.0,-4.2753017187e-313,0.0,1.0,2.5478072262e-313,0.0,-3.39703326107e-313,0.0,-4.831703773e-315,0.0,-7.504598924e-314,0.0,0.0,0.0,7.136052756e-314,0.0,2.70453447986e-313,0.0,-3.6720215227e-313,0.0,-4.2753017187e-313,0.0
290.0,-1.69552065727e-313,0.0,1.0,2.66205956715e-313,0.0,-5.8064384116e-314,0.0,-4.88203362e-315,0.0,1.80010122613e-313,0.0,0.0,0.0,-1.69552065727e-313,0.0,2.2779573367e-313,0.0,2.87752293e-315,0.0,1.5296512934e-313,0.0
291.0,-4.33442593995e-313,0.0,1.0,2.44918285543e-313,0.0,1.40572726593e-313,0.0,-4.932711764e-315,0.0,-4.33442593995e-313,0.0,0.0,0.0,4.0954201359e-313,0.0,3.39162733533e-313,0.0,-8.199238936e-315,0.0,-3.7305812092e-313,0.0
292.0,-3.43541994503e-313,0.0,1.0,3.096826634e-313,0.0,-3.43541994503e-313,0.0,-4.983739418e-315,0.0,1.4627096252e-313,0.0,0.0,0.0,-8.9388142777e-314,0.0,7.7958211355e-314,0.0,-8.28405798e-315,0.0,5.44932052e-315,0.0
293.0,-3.531699177e-313,0.0,1.0,1.63060854026e-313,0.0,-7.53622035e-314,0.0,-5.03511777e-315,0.0,-3.531699177e-313,0.0,0.0,0.0,2.15461030094e-313,0.0,-1.85100556935e-313,0.0,-8.36945997e-315,0.0,5.505498643e-315,0.0
294.0,-3.950825141e-313,0.0,1.0,-3.950825141e-313,0.0,1.8122376459e-313,0.0,-5.086848028e-315,0.0,-6.6791589966e-314,0.0,0.0,0.0,3.9590219172e-313,0.0,4.4720192354e-313,0.0,1.868425324e-314,0.0,5.562061546e-315,0.0
295.0,-4.40674352165e-313,0.0,1.0,2.332155483e-314,0.0,-4.40674352165e-313,0.0,-5.138931395e-315,0.0,-6.747545762e-314,0.0,0.0,0.0,-3.127017821e-314,0.0,-1.53101545683e-313,0.0,-4.685881413e-314,0.0,-1.6773198734e-314,0.0
296.0,-5.794990167e-314,0.0,1.0,-5.794990167e-314,0.0,1.3127667986e-313,0.0,-5.191369067e-315,0.0,1.6124405199e-313,0.0,0.0,0.0,-3.1589259213e-314,0.0,3.71654079897e-313,0.0,-4.7336961627e-314,0.0,-1.694435251e-314,0.0
297.0,-3.863000147e-313,0.0,1.0,-5.853921821e-314,0.0,-3.15576067007e-313,0.0,-5.24416225e-315,0.0,-3.863000147e-313,0.0,0.0,0.0,7.486272469e-314,0.0,4.8192117487e-314,0.0,1.1427612143e-313,0.0,4.582515481e-314,0.0
298.0,-2.7371848746e-313,0.0,1.0,1.41357863396e-313,0.0,-1.9493519665e-313,0.0,-5.29731214e-315,0.0,-2.040634576e-314,0.0,0.0,0.0,-1.7646519932e-313,0.0,4.8680547415e-314,0.0,-2.7371848746e-313,0.0,4.6289595436e-314,0.0
299.0,-3.4020983561e-313,0.0,1.0,-3.4020983561e-313,0.0,4.7411425737e-313,0.0,-5.35081994e-315,0.0,4.40588288e-314,0.0,0.0,0.0,4.25033037114e-313,0.0,-1.20030993307e-313,0.0,-3.0348786326e-313,0.0,-1.11222839416e-313,0.0
300.0,-2.41763563307e-313,0.0,1.0,-1.57921686556e-313,0.0,-1.7439971214e-313,0.0,-5.404686856e-315,0.0,-1.0101221708e-313,0.0,0.0,0.0,-4.8987987727e-314,0.0,2.95514659237e-313,0.0,-2.41763563307e-313,0.0,2.658421144e-313,0.0
